Name,Year,Season,Question,Answer
2009春,2009,Haru,Q1,イ
2009春,2009,Haru,Q2,ア
2009春,2009,Haru,Q3,ウ
2009春,2009,Haru,Q4,イ
2009春,2009,Haru,Q5,ア
2009春,2009,Haru,Q6,イ
2009春,2009,Haru,Q7,ア
2009春,2009,Haru,Q8,イ
2009春,2009,Haru,Q9,ウ
2009春,2009,Haru,Q10,ウ
2009春,2009,Haru,Q11,エ
2009春,2009,Haru,Q12,エ
2009春,2009,Haru,Q13,ア
2009春,2009,Haru,Q14,ウ
2009春,2009,Haru,Q15,ア
2009春,2009,Haru,Q16,エ
2009春,2009,Haru,Q17,イ
2009春,2009,Haru,Q18,ア
2009春,2009,Haru,Q19,ウ
2009春,2009,Haru,Q20,ウ
2009春,2009,Haru,Q21,イ
2009春,2009,Haru,Q22,ウ
2009春,2009,Haru,Q23,ア
2009春,2009,Haru,Q24,イ
2009春,2009,Haru,Q25,ウ
2009春,2009,Haru,Q26,イ
2009春,2009,Haru,Q27,ウ
2009春,2009,Haru,Q28,ア
2009春,2009,Haru,Q29,イ
2009春,2009,Haru,Q30,イ
2009春,2009,Haru,Q31,ウ
2009春,2009,Haru,Q32,ウ
2009春,2009,Haru,Q33,イ
2009春,2009,Haru,Q34,イ
2009春,2009,Haru,Q35,イ
2009春,2009,Haru,Q36,イ
2009春,2009,Haru,Q37,ア
2009春,2009,Haru,Q38,ウ
2009春,2009,Haru,Q39,イ
2009春,2009,Haru,Q40,イ
2009春,2009,Haru,Q41,ウ
2009春,2009,Haru,Q42,ウ
2009春,2009,Haru,Q43,エ
2009春,2009,Haru,Q44,イ
2009春,2009,Haru,Q45,ア
2009春,2009,Haru,Q46,ウ
2009春,2009,Haru,Q47,イ
2009春,2009,Haru,Q48,イ
2009春,2009,Haru,Q49,エ
2009春,2009,Haru,Q50,ア
2009春,2009,Haru,Q51,エ
2009春,2009,Haru,Q52,イ
2009春,2009,Haru,Q53,イ
2009春,2009,Haru,Q54,ア
2009春,2009,Haru,Q55,ア
2009春,2009,Haru,Q56,ア
2009春,2009,Haru,Q57,ウ
2009春,2009,Haru,Q58,イ
2009春,2009,Haru,Q59,イ
2009春,2009,Haru,Q60,ア
2009春,2009,Haru,Q61,イ
2009春,2009,Haru,Q62,ア
2009春,2009,Haru,Q63,ウ
2009春,2009,Haru,Q64,エ
2009春,2009,Haru,Q65,ア
2009春,2009,Haru,Q66,イ
2009春,2009,Haru,Q67,イ
2009春,2009,Haru,Q68,イ
2009春,2009,Haru,Q69,ア
2009春,2009,Haru,Q70,ウ
2009春,2009,Haru,Q71,イ
2009春,2009,Haru,Q72,ア
2009春,2009,Haru,Q73,エ
2009春,2009,Haru,Q74,エ
2009春,2009,Haru,Q75,ウ
2009春,2009,Haru,Q76,ウ
2009春,2009,Haru,Q77,エ
2009春,2009,Haru,Q78,ウ
2009春,2009,Haru,Q79,イ
2009春,2009,Haru,Q80,イ
2009秋,2009,Aki,Q1,イ
2009秋,2009,Aki,Q2,エ
2009秋,2009,Aki,Q3,ウ
2009秋,2009,Aki,Q4,ウ
2009秋,2009,Aki,Q5,イ
2009秋,2009,Aki,Q6,イ
2009秋,2009,Aki,Q7,イ
2009秋,2009,Aki,Q8,エ
2009秋,2009,Aki,Q9,イ
2009秋,2009,Aki,Q10,イ
2009秋,2009,Aki,Q11,ア
2009秋,2009,Aki,Q12,ウ
2009秋,2009,Aki,Q13,ウ
2009秋,2009,Aki,Q14,イ
2009秋,2009,Aki,Q15,ア
2009秋,2009,Aki,Q16,エ
2009秋,2009,Aki,Q17,エ
2009秋,2009,Aki,Q18,イ
2009秋,2009,Aki,Q19,ウ
2009秋,2009,Aki,Q20,ウ
2009秋,2009,Aki,Q21,ウ
2009秋,2009,Aki,Q22,イ
2009秋,2009,Aki,Q23,ウ
2009秋,2009,Aki,Q24,イ
2009秋,2009,Aki,Q25,ウ
2009秋,2009,Aki,Q26,ア
2009秋,2009,Aki,Q27,ウ
2009秋,2009,Aki,Q28,ア
2009秋,2009,Aki,Q29,エ
2009秋,2009,Aki,Q30,エ
2009秋,2009,Aki,Q31,イ
2009秋,2009,Aki,Q32,イ
2009秋,2009,Aki,Q33,エ
2009秋,2009,Aki,Q34,ア
2009秋,2009,Aki,Q35,イ
2009秋,2009,Aki,Q36,エ
2009秋,2009,Aki,Q37,ア
2009秋,2009,Aki,Q38,イ
2009秋,2009,Aki,Q39,ア
2009秋,2009,Aki,Q40,ア
2009秋,2009,Aki,Q41,エ
2009秋,2009,Aki,Q42,ウ
2009秋,2009,Aki,Q43,エ
2009秋,2009,Aki,Q44,ウ
2009秋,2009,Aki,Q45,イ
2009秋,2009,Aki,Q46,ア
2009秋,2009,Aki,Q47,ウ
2009秋,2009,Aki,Q48,ア
2009秋,2009,Aki,Q49,ウ
2009秋,2009,Aki,Q50,エ
2009秋,2009,Aki,Q51,エ
2009秋,2009,Aki,Q52,エ
2009秋,2009,Aki,Q53,エ
2009秋,2009,Aki,Q54,ア
2009秋,2009,Aki,Q55,イ
2009秋,2009,Aki,Q56,イ
2009秋,2009,Aki,Q57,エ
2009秋,2009,Aki,Q58,ウ
2009秋,2009,Aki,Q59,イ
2009秋,2009,Aki,Q60,ア
2009秋,2009,Aki,Q61,イ
2009秋,2009,Aki,Q62,ア
2009秋,2009,Aki,Q63,エ
2009秋,2009,Aki,Q64,ウ
2009秋,2009,Aki,Q65,イ
2009秋,2009,Aki,Q66,エ
2009秋,2009,Aki,Q67,ウ
2009秋,2009,Aki,Q68,ウ
2009秋,2009,Aki,Q69,ア
2009秋,2009,Aki,Q70,ウ
2009秋,2009,Aki,Q71,ウ
2009秋,2009,Aki,Q72,イ
2009秋,2009,Aki,Q73,ウ
2009秋,2009,Aki,Q74,イ
2009秋,2009,Aki,Q75,ア
2009秋,2009,Aki,Q76,ア
2009秋,2009,Aki,Q77,エ
2009秋,2009,Aki,Q78,エ
2009秋,2009,Aki,Q79,ウ
2009秋,2009,Aki,Q80,ア
2010春,2010,Haru,Q1,ア
2010春,2010,Haru,Q2,ウ
2010春,2010,Haru,Q3,イ
2010春,2010,Haru,Q4,イ
2010春,2010,Haru,Q5,ア
2010春,2010,Haru,Q6,ア
2010春,2010,Haru,Q7,エ
2010春,2010,Haru,Q8,ア
2010春,2010,Haru,Q9,ウ
2010春,2010,Haru,Q10,ウ
2010春,2010,Haru,Q11,エ
2010春,2010,Haru,Q12,ア
2010春,2010,Haru,Q13,ウ
2010春,2010,Haru,Q14,ア
2010春,2010,Haru,Q15,ア
2010春,2010,Haru,Q16,ウ
2010春,2010,Haru,Q17,ア
2010春,2010,Haru,Q18,エ
2010春,2010,Haru,Q19,エ
2010春,2010,Haru,Q20,エ
2010春,2010,Haru,Q21,ア
2010春,2010,Haru,Q22,ウ
2010春,2010,Haru,Q23,ウ
2010春,2010,Haru,Q24,エ
2010春,2010,Haru,Q25,エ
2010春,2010,Haru,Q26,エ
2010春,2010,Haru,Q27,イ
2010春,2010,Haru,Q28,エ
2010春,2010,Haru,Q29,エ
2010春,2010,Haru,Q30,ウ
2010春,2010,Haru,Q31,イ
2010春,2010,Haru,Q32,イ
2010春,2010,Haru,Q33,エ
2010春,2010,Haru,Q34,ウ
2010春,2010,Haru,Q35,ウ
2010春,2010,Haru,Q36,イ
2010春,2010,Haru,Q37,ア
2010春,2010,Haru,Q38,イ
2010春,2010,Haru,Q39,エ
2010春,2010,Haru,Q40,エ
2010春,2010,Haru,Q41,ア
2010春,2010,Haru,Q42,イ
2010春,2010,Haru,Q43,ア
2010春,2010,Haru,Q44,ウ
2010春,2010,Haru,Q45,ウ
2010春,2010,Haru,Q46,エ
2010春,2010,Haru,Q47,エ
2010春,2010,Haru,Q48,ア
2010春,2010,Haru,Q49,ア
2010春,2010,Haru,Q50,ア
2010春,2010,Haru,Q51,イ
2010春,2010,Haru,Q52,ウ
2010春,2010,Haru,Q53,イ
2010春,2010,Haru,Q54,ウ
2010春,2010,Haru,Q55,ウ
2010春,2010,Haru,Q56,ア
2010春,2010,Haru,Q57,ウ
2010春,2010,Haru,Q58,エ
2010春,2010,Haru,Q59,ウ
2010春,2010,Haru,Q60,イ
2010春,2010,Haru,Q61,イ
2010春,2010,Haru,Q62,ア
2010春,2010,Haru,Q63,ア
2010春,2010,Haru,Q64,エ
2010春,2010,Haru,Q65,エ
2010春,2010,Haru,Q66,ウ
2010春,2010,Haru,Q67,ア
2010春,2010,Haru,Q68,ウ
2010春,2010,Haru,Q69,イ
2010春,2010,Haru,Q70,ウ
2010春,2010,Haru,Q71,ウ
2010春,2010,Haru,Q72,エ
2010春,2010,Haru,Q73,イ
2010春,2010,Haru,Q74,ウ
2010春,2010,Haru,Q75,エ
2010春,2010,Haru,Q76,エ
2010春,2010,Haru,Q77,ア
2010春,2010,Haru,Q78,イ
2010春,2010,Haru,Q79,エ
2010春,2010,Haru,Q80,ア
2010秋,2010,Aki,Q1,イ
2010秋,2010,Aki,Q2,ウ
2010秋,2010,Aki,Q3,ウ
2010秋,2010,Aki,Q4,ウ
2010秋,2010,Aki,Q5,エ
2010秋,2010,Aki,Q6,ア
2010秋,2010,Aki,Q7,ウ
2010秋,2010,Aki,Q8,イ
2010秋,2010,Aki,Q9,エ
2010秋,2010,Aki,Q10,ウ
2010秋,2010,Aki,Q11,イ
2010秋,2010,Aki,Q12,エ
2010秋,2010,Aki,Q13,ア
2010秋,2010,Aki,Q14,イ
2010秋,2010,Aki,Q15,イ
2010秋,2010,Aki,Q16,エ
2010秋,2010,Aki,Q17,エ
2010秋,2010,Aki,Q18,ウ
2010秋,2010,Aki,Q19,ウ
2010秋,2010,Aki,Q20,ウ
2010秋,2010,Aki,Q21,ア
2010秋,2010,Aki,Q22,イ
2010秋,2010,Aki,Q23,ア
2010秋,2010,Aki,Q24,ウ
2010秋,2010,Aki,Q25,エ
2010秋,2010,Aki,Q26,イ
2010秋,2010,Aki,Q27,ウ
2010秋,2010,Aki,Q28,イ
2010秋,2010,Aki,Q29,エ
2010秋,2010,Aki,Q30,ア
2010秋,2010,Aki,Q31,ア
2010秋,2010,Aki,Q32,ウ
2010秋,2010,Aki,Q33,ウ
2010秋,2010,Aki,Q34,ウ
2010秋,2010,Aki,Q35,ウ
2010秋,2010,Aki,Q36,ウ
2010秋,2010,Aki,Q37,エ
2010秋,2010,Aki,Q38,ウ
2010秋,2010,Aki,Q39,イ
2010秋,2010,Aki,Q40,イ
2010秋,2010,Aki,Q41,イ
2010秋,2010,Aki,Q42,ウ
2010秋,2010,Aki,Q43,エ
2010秋,2010,Aki,Q44,ア
2010秋,2010,Aki,Q45,イ
2010秋,2010,Aki,Q46,ウ
2010秋,2010,Aki,Q47,エ
2010秋,2010,Aki,Q48,エ
2010秋,2010,Aki,Q49,ア
2010秋,2010,Aki,Q50,ウ
2010秋,2010,Aki,Q51,エ
2010秋,2010,Aki,Q52,ウ
2010秋,2010,Aki,Q53,イ
2010秋,2010,Aki,Q54,エ
2010秋,2010,Aki,Q55,ウ
2010秋,2010,Aki,Q56,ウ
2010秋,2010,Aki,Q57,エ
2010秋,2010,Aki,Q58,イ
2010秋,2010,Aki,Q59,ア
2010秋,2010,Aki,Q60,ウ
2010秋,2010,Aki,Q61,ウ
2010秋,2010,Aki,Q62,イ
2010秋,2010,Aki,Q63,イ
2010秋,2010,Aki,Q64,エ
2010秋,2010,Aki,Q65,ウ
2010秋,2010,Aki,Q66,エ
2010秋,2010,Aki,Q67,ア
2010秋,2010,Aki,Q68,ア
2010秋,2010,Aki,Q69,ウ
2010秋,2010,Aki,Q70,イ
2010秋,2010,Aki,Q71,ア
2010秋,2010,Aki,Q72,ア
2010秋,2010,Aki,Q73,エ
2010秋,2010,Aki,Q74,イ
2010秋,2010,Aki,Q75,ウ
2010秋,2010,Aki,Q76,イ
2010秋,2010,Aki,Q77,イ
2010秋,2010,Aki,Q78,エ
2010秋,2010,Aki,Q79,ア
2010秋,2010,Aki,Q80,ア
2011特,2011,Toku,Q1,ウ
2011特,2011,Toku,Q2,エ
2011特,2011,Toku,Q3,ア
2011特,2011,Toku,Q4,エ
2011特,2011,Toku,Q5,イ
2011特,2011,Toku,Q6,エ
2011特,2011,Toku,Q7,イ
2011特,2011,Toku,Q8,エ
2011特,2011,Toku,Q9,ア
2011特,2011,Toku,Q10,イ
2011特,2011,Toku,Q11,エ
2011特,2011,Toku,Q12,イ
2011特,2011,Toku,Q13,ウ
2011特,2011,Toku,Q14,イ
2011特,2011,Toku,Q15,イ
2011特,2011,Toku,Q16,ア
2011特,2011,Toku,Q17,ウ
2011特,2011,Toku,Q18,ア
2011特,2011,Toku,Q19,ウ
2011特,2011,Toku,Q20,イ
2011特,2011,Toku,Q21,イ
2011特,2011,Toku,Q22,イ
2011特,2011,Toku,Q23,イ
2011特,2011,Toku,Q24,イ
2011特,2011,Toku,Q25,イ
2011特,2011,Toku,Q26,ウ
2011特,2011,Toku,Q27,ウ
2011特,2011,Toku,Q28,ウ
2011特,2011,Toku,Q29,イ
2011特,2011,Toku,Q30,イ
2011特,2011,Toku,Q31,エ
2011特,2011,Toku,Q32,イ
2011特,2011,Toku,Q33,エ
2011特,2011,Toku,Q34,ウ
2011特,2011,Toku,Q35,エ
2011特,2011,Toku,Q36,イ
2011特,2011,Toku,Q37,イ
2011特,2011,Toku,Q38,ウ
2011特,2011,Toku,Q39,エ
2011特,2011,Toku,Q40,エ
2011特,2011,Toku,Q41,イ
2011特,2011,Toku,Q42,ア
2011特,2011,Toku,Q43,ウ
2011特,2011,Toku,Q44,ア
2011特,2011,Toku,Q45,ア
2011特,2011,Toku,Q46,ウ
2011特,2011,Toku,Q47,ア
2011特,2011,Toku,Q48,エ
2011特,2011,Toku,Q49,ウ
2011特,2011,Toku,Q50,ア
2011特,2011,Toku,Q51,エ
2011特,2011,Toku,Q52,エ
2011特,2011,Toku,Q53,イ
2011特,2011,Toku,Q54,ア
2011特,2011,Toku,Q55,ア
2011特,2011,Toku,Q56,イ
2011特,2011,Toku,Q57,ウ
2011特,2011,Toku,Q58,エ
2011特,2011,Toku,Q59,ア
2011特,2011,Toku,Q60,ウ
2011特,2011,Toku,Q61,ウ
2011特,2011,Toku,Q62,ウ
2011特,2011,Toku,Q63,ウ
2011特,2011,Toku,Q64,イ
2011特,2011,Toku,Q65,イ
2011特,2011,Toku,Q66,エ
2011特,2011,Toku,Q67,イ
2011特,2011,Toku,Q68,エ
2011特,2011,Toku,Q69,ア
2011特,2011,Toku,Q70,イ
2011特,2011,Toku,Q71,ウ
2011特,2011,Toku,Q72,イ
2011特,2011,Toku,Q73,ウ
2011特,2011,Toku,Q74,イ
2011特,2011,Toku,Q75,ア
2011特,2011,Toku,Q76,イ
2011特,2011,Toku,Q77,エ
2011特,2011,Toku,Q78,ウ
2011特,2011,Toku,Q79,ア
2011特,2011,Toku,Q80,イ
2011秋,2011,Aki,Q1,イ
2011秋,2011,Aki,Q2,ウ
2011秋,2011,Aki,Q3,エ
2011秋,2011,Aki,Q4,ウ
2011秋,2011,Aki,Q5,イ
2011秋,2011,Aki,Q6,エ
2011秋,2011,Aki,Q7,エ
2011秋,2011,Aki,Q8,イ
2011秋,2011,Aki,Q9,ウ
2011秋,2011,Aki,Q10,エ
2011秋,2011,Aki,Q11,ウ
2011秋,2011,Aki,Q12,ウ
2011秋,2011,Aki,Q13,ウ
2011秋,2011,Aki,Q14,エ
2011秋,2011,Aki,Q15,ア
2011秋,2011,Aki,Q16,ウ
2011秋,2011,Aki,Q17,ア
2011秋,2011,Aki,Q18,イ
2011秋,2011,Aki,Q19,ア
2011秋,2011,Aki,Q20,イ
2011秋,2011,Aki,Q21,エ
2011秋,2011,Aki,Q22,イ
2011秋,2011,Aki,Q23,ウ
2011秋,2011,Aki,Q24,ウ
2011秋,2011,Aki,Q25,イ
2011秋,2011,Aki,Q26,ウ
2011秋,2011,Aki,Q27,イ
2011秋,2011,Aki,Q28,エ
2011秋,2011,Aki,Q29,イ
2011秋,2011,Aki,Q30,ア
2011秋,2011,Aki,Q31,ウ
2011秋,2011,Aki,Q32,ウ
2011秋,2011,Aki,Q33,エ
2011秋,2011,Aki,Q34,エ
2011秋,2011,Aki,Q35,エ
2011秋,2011,Aki,Q36,エ
2011秋,2011,Aki,Q37,エ
2011秋,2011,Aki,Q38,エ
2011秋,2011,Aki,Q39,エ
2011秋,2011,Aki,Q40,イ
2011秋,2011,Aki,Q41,ア
2011秋,2011,Aki,Q42,ア
2011秋,2011,Aki,Q43,ア
2011秋,2011,Aki,Q44,ア
2011秋,2011,Aki,Q45,エ
2011秋,2011,Aki,Q46,エ
2011秋,2011,Aki,Q47,ウ
2011秋,2011,Aki,Q48,イ
2011秋,2011,Aki,Q49,イ
2011秋,2011,Aki,Q50,ア
2011秋,2011,Aki,Q51,イ
2011秋,2011,Aki,Q52,エ
2011秋,2011,Aki,Q53,イ
2011秋,2011,Aki,Q54,イ
2011秋,2011,Aki,Q55,ウ
2011秋,2011,Aki,Q56,イ
2011秋,2011,Aki,Q57,イ
2011秋,2011,Aki,Q58,エ
2011秋,2011,Aki,Q59,ウ
2011秋,2011,Aki,Q60,ア
2011秋,2011,Aki,Q61,ア
2011秋,2011,Aki,Q62,ア
2011秋,2011,Aki,Q63,エ
2011秋,2011,Aki,Q64,エ
2011秋,2011,Aki,Q65,イ
2011秋,2011,Aki,Q66,ウ
2011秋,2011,Aki,Q67,エ
2011秋,2011,Aki,Q68,ウ
2011秋,2011,Aki,Q69,エ
2011秋,2011,Aki,Q70,イ
2011秋,2011,Aki,Q71,エ
2011秋,2011,Aki,Q72,イ
2011秋,2011,Aki,Q73,ア
2011秋,2011,Aki,Q74,ア
2011秋,2011,Aki,Q75,エ
2011秋,2011,Aki,Q76,イ
2011秋,2011,Aki,Q77,エ
2011秋,2011,Aki,Q78,ウ
2011秋,2011,Aki,Q79,イ
2011秋,2011,Aki,Q80,イ
2012春,2012,Haru,Q1,ア
2012春,2012,Haru,Q2,エ
2012春,2012,Haru,Q3,ウ
2012春,2012,Haru,Q4,ア
2012春,2012,Haru,Q5,ア
2012春,2012,Haru,Q6,ウ
2012春,2012,Haru,Q7,ア
2012春,2012,Haru,Q8,ウ
2012春,2012,Haru,Q9,イ
2012春,2012,Haru,Q10,イ
2012春,2012,Haru,Q11,ウ
2012春,2012,Haru,Q12,ウ
2012春,2012,Haru,Q13,イ
2012春,2012,Haru,Q14,ア
2012春,2012,Haru,Q15,イ
2012春,2012,Haru,Q16,イ
2012春,2012,Haru,Q17,イ
2012春,2012,Haru,Q18,エ
2012春,2012,Haru,Q19,ア
2012春,2012,Haru,Q20,エ
2012春,2012,Haru,Q21,ア
2012春,2012,Haru,Q22,エ
2012春,2012,Haru,Q23,ウ
2012春,2012,Haru,Q24,エ
2012春,2012,Haru,Q25,エ
2012春,2012,Haru,Q26,エ
2012春,2012,Haru,Q27,ウ
2012春,2012,Haru,Q28,エ
2012春,2012,Haru,Q29,エ
2012春,2012,Haru,Q30,イ
2012春,2012,Haru,Q31,エ
2012春,2012,Haru,Q32,イ
2012春,2012,Haru,Q33,ア
2012春,2012,Haru,Q34,ア
2012春,2012,Haru,Q35,イ
2012春,2012,Haru,Q36,イ
2012春,2012,Haru,Q37,エ
2012春,2012,Haru,Q38,ウ
2012春,2012,Haru,Q39,ウ
2012春,2012,Haru,Q40,ウ
2012春,2012,Haru,Q41,イ
2012春,2012,Haru,Q42,イ
2012春,2012,Haru,Q43,イ
2012春,2012,Haru,Q44,エ
2012春,2012,Haru,Q45,ア
2012春,2012,Haru,Q46,ア
2012春,2012,Haru,Q47,ア
2012春,2012,Haru,Q48,エ
2012春,2012,Haru,Q49,エ
2012春,2012,Haru,Q50,ア
2012春,2012,Haru,Q51,エ
2012春,2012,Haru,Q52,ウ
2012春,2012,Haru,Q53,ウ
2012春,2012,Haru,Q54,ア
2012春,2012,Haru,Q55,エ
2012春,2012,Haru,Q56,ウ
2012春,2012,Haru,Q57,ウ
2012春,2012,Haru,Q58,エ
2012春,2012,Haru,Q59,ア
2012春,2012,Haru,Q60,エ
2012春,2012,Haru,Q61,エ
2012春,2012,Haru,Q62,エ
2012春,2012,Haru,Q63,ウ
2012春,2012,Haru,Q64,ア
2012春,2012,Haru,Q65,ウ
2012春,2012,Haru,Q66,エ
2012春,2012,Haru,Q67,ウ
2012春,2012,Haru,Q68,ウ
2012春,2012,Haru,Q69,イ
2012春,2012,Haru,Q70,ウ
2012春,2012,Haru,Q71,ウ
2012春,2012,Haru,Q72,エ
2012春,2012,Haru,Q73,ア
2012春,2012,Haru,Q74,イ
2012春,2012,Haru,Q75,ア
2012春,2012,Haru,Q76,エ
2012春,2012,Haru,Q77,イ
2012春,2012,Haru,Q78,ウ
2012春,2012,Haru,Q79,エ
2012春,2012,Haru,Q80,イ
2012秋,2012,Aki,Q1,ア
2012秋,2012,Aki,Q2,イ
2012秋,2012,Aki,Q3,エ
2012秋,2012,Aki,Q4,イ
2012秋,2012,Aki,Q5,ア
2012秋,2012,Aki,Q6,イ
2012秋,2012,Aki,Q7,イ
2012秋,2012,Aki,Q8,ア
2012秋,2012,Aki,Q9,ウ
2012秋,2012,Aki,Q10,ア
2012秋,2012,Aki,Q11,イ
2012秋,2012,Aki,Q12,ウ
2012秋,2012,Aki,Q13,ア
2012秋,2012,Aki,Q14,ア
2012秋,2012,Aki,Q15,イ
2012秋,2012,Aki,Q16,イ
2012秋,2012,Aki,Q17,イ
2012秋,2012,Aki,Q18,ア
2012秋,2012,Aki,Q19,イ
2012秋,2012,Aki,Q20,エ
2012秋,2012,Aki,Q21,ウ
2012秋,2012,Aki,Q22,ア
2012秋,2012,Aki,Q23,ウ
2012秋,2012,Aki,Q24,ア
2012秋,2012,Aki,Q25,ア
2012秋,2012,Aki,Q26,ウ
2012秋,2012,Aki,Q27,エ
2012秋,2012,Aki,Q28,エ
2012秋,2012,Aki,Q29,ア
2012秋,2012,Aki,Q30,ア
2012秋,2012,Aki,Q31,イ
2012秋,2012,Aki,Q32,ア
2012秋,2012,Aki,Q33,ウ
2012秋,2012,Aki,Q34,ウ
2012秋,2012,Aki,Q35,イ
2012秋,2012,Aki,Q36,エ
2012秋,2012,Aki,Q37,ア
2012秋,2012,Aki,Q38,ア
2012秋,2012,Aki,Q39,イ
2012秋,2012,Aki,Q40,ア
2012秋,2012,Aki,Q41,ア
2012秋,2012,Aki,Q42,エ
2012秋,2012,Aki,Q43,ウ
2012秋,2012,Aki,Q44,イ
2012秋,2012,Aki,Q45,ア
2012秋,2012,Aki,Q46,ア
2012秋,2012,Aki,Q47,ア
2012秋,2012,Aki,Q48,ウ
2012秋,2012,Aki,Q49,イ
2012秋,2012,Aki,Q50,エ
2012秋,2012,Aki,Q51,ア
2012秋,2012,Aki,Q52,ウ
2012秋,2012,Aki,Q53,ア
2012秋,2012,Aki,Q54,ア
2012秋,2012,Aki,Q55,イ
2012秋,2012,Aki,Q56,イ
2012秋,2012,Aki,Q57,エ
2012秋,2012,Aki,Q58,ア
2012秋,2012,Aki,Q59,イ
2012秋,2012,Aki,Q60,ア
2012秋,2012,Aki,Q61,ウ
2012秋,2012,Aki,Q62,ウ
2012秋,2012,Aki,Q63,イ
2012秋,2012,Aki,Q64,エ
2012秋,2012,Aki,Q65,ウ
2012秋,2012,Aki,Q66,エ
2012秋,2012,Aki,Q67,ウ
2012秋,2012,Aki,Q68,イ
2012秋,2012,Aki,Q69,ウ
2012秋,2012,Aki,Q70,ア
2012秋,2012,Aki,Q71,ウ
2012秋,2012,Aki,Q72,イ
2012秋,2012,Aki,Q73,ア
2012秋,2012,Aki,Q74,エ
2012秋,2012,Aki,Q75,イ
2012秋,2012,Aki,Q76,ウ
2012秋,2012,Aki,Q77,ア
2012秋,2012,Aki,Q78,イ
2012秋,2012,Aki,Q79,ア
2012秋,2012,Aki,Q80,ア
2013春,2013,Haru,Q1,イ
2013春,2013,Haru,Q2,ア
2013春,2013,Haru,Q3,ウ
2013春,2013,Haru,Q4,ア
2013春,2013,Haru,Q5,ア
2013春,2013,Haru,Q6,ウ
2013春,2013,Haru,Q7,イ
2013春,2013,Haru,Q8,ウ
2013春,2013,Haru,Q9,ウ
2013春,2013,Haru,Q10,エ
2013春,2013,Haru,Q11,ウ
2013春,2013,Haru,Q12,エ
2013春,2013,Haru,Q13,ウ
2013春,2013,Haru,Q14,ア
2013春,2013,Haru,Q15,エ
2013春,2013,Haru,Q16,エ
2013春,2013,Haru,Q17,エ
2013春,2013,Haru,Q18,イ
2013春,2013,Haru,Q19,ウ
2013春,2013,Haru,Q20,イ
2013春,2013,Haru,Q21,イ
2013春,2013,Haru,Q22,ア
2013春,2013,Haru,Q23,ア
2013春,2013,Haru,Q24,エ
2013春,2013,Haru,Q25,ウ
2013春,2013,Haru,Q26,イ
2013春,2013,Haru,Q27,ア
2013春,2013,Haru,Q28,エ
2013春,2013,Haru,Q29,ア
2013春,2013,Haru,Q30,ア
2013春,2013,Haru,Q31,ア
2013春,2013,Haru,Q32,ア
2013春,2013,Haru,Q33,イ
2013春,2013,Haru,Q34,ウ
2013春,2013,Haru,Q35,イ
2013春,2013,Haru,Q36,ウ
2013春,2013,Haru,Q37,ウ
2013春,2013,Haru,Q38,ア
2013春,2013,Haru,Q39,イ
2013春,2013,Haru,Q40,イ
2013春,2013,Haru,Q41,イ
2013春,2013,Haru,Q42,ア
2013春,2013,Haru,Q43,ウ
2013春,2013,Haru,Q44,ウ
2013春,2013,Haru,Q45,ア
2013春,2013,Haru,Q46,エ
2013春,2013,Haru,Q47,イ
2013春,2013,Haru,Q48,イ
2013春,2013,Haru,Q49,ア
2013春,2013,Haru,Q50,イ
2013春,2013,Haru,Q51,ウ
2013春,2013,Haru,Q52,イ
2013春,2013,Haru,Q53,エ
2013春,2013,Haru,Q54,イ
2013春,2013,Haru,Q55,ウ
2013春,2013,Haru,Q56,ア
2013春,2013,Haru,Q57,エ
2013春,2013,Haru,Q58,ア
2013春,2013,Haru,Q59,エ
2013春,2013,Haru,Q60,ア
2013春,2013,Haru,Q61,ア
2013春,2013,Haru,Q62,ウ
2013春,2013,Haru,Q63,エ
2013春,2013,Haru,Q64,ア
2013春,2013,Haru,Q65,ア
2013春,2013,Haru,Q66,ア
2013春,2013,Haru,Q67,ウ
2013春,2013,Haru,Q68,エ
2013春,2013,Haru,Q69,イ
2013春,2013,Haru,Q70,ア
2013春,2013,Haru,Q71,エ
2013春,2013,Haru,Q72,イ
2013春,2013,Haru,Q73,ア
2013春,2013,Haru,Q74,ウ
2013春,2013,Haru,Q75,エ
2013春,2013,Haru,Q76,エ
2013春,2013,Haru,Q77,エ
2013春,2013,Haru,Q78,ウ
2013春,2013,Haru,Q79,ウ
2013春,2013,Haru,Q80,エ
2013秋,2013,Aki,Q1,ア
2013秋,2013,Aki,Q2,ア
2013秋,2013,Aki,Q3,エ
2013秋,2013,Aki,Q4,エ
2013秋,2013,Aki,Q5,イ
2013秋,2013,Aki,Q6,エ
2013秋,2013,Aki,Q7,イ
2013秋,2013,Aki,Q8,イ
2013秋,2013,Aki,Q9,ウ
2013秋,2013,Aki,Q10,エ
2013秋,2013,Aki,Q11,イ
2013秋,2013,Aki,Q12,ウ
2013秋,2013,Aki,Q13,ア
2013秋,2013,Aki,Q14,ア
2013秋,2013,Aki,Q15,エ
2013秋,2013,Aki,Q16,ア
2013秋,2013,Aki,Q17,イ
2013秋,2013,Aki,Q18,ア
2013秋,2013,Aki,Q19,エ
2013秋,2013,Aki,Q20,ウ
2013秋,2013,Aki,Q21,ア
2013秋,2013,Aki,Q22,ウ
2013秋,2013,Aki,Q23,エ
2013秋,2013,Aki,Q24,イ
2013秋,2013,Aki,Q25,エ
2013秋,2013,Aki,Q26,ウ
2013秋,2013,Aki,Q27,ウ
2013秋,2013,Aki,Q28,ア
2013秋,2013,Aki,Q29,イ
2013秋,2013,Aki,Q30,エ
2013秋,2013,Aki,Q31,イ
2013秋,2013,Aki,Q32,エ
2013秋,2013,Aki,Q33,イ
2013秋,2013,Aki,Q34,ア
2013秋,2013,Aki,Q35,エ
2013秋,2013,Aki,Q36,ウ
2013秋,2013,Aki,Q37,ア
2013秋,2013,Aki,Q38,エ
2013秋,2013,Aki,Q39,エ
2013秋,2013,Aki,Q40,ウ
2013秋,2013,Aki,Q41,エ
2013秋,2013,Aki,Q42,ア
2013秋,2013,Aki,Q43,ウ
2013秋,2013,Aki,Q44,イ
2013秋,2013,Aki,Q45,ア
2013秋,2013,Aki,Q46,ア
2013秋,2013,Aki,Q47,イ
2013秋,2013,Aki,Q48,エ
2013秋,2013,Aki,Q49,エ
2013秋,2013,Aki,Q50,エ
2013秋,2013,Aki,Q51,エ
2013秋,2013,Aki,Q52,イ
2013秋,2013,Aki,Q53,エ
2013秋,2013,Aki,Q54,ウ
2013秋,2013,Aki,Q55,ア
2013秋,2013,Aki,Q56,イ
2013秋,2013,Aki,Q57,ウ
2013秋,2013,Aki,Q58,ア
2013秋,2013,Aki,Q59,ウ
2013秋,2013,Aki,Q60,ウ
2013秋,2013,Aki,Q61,エ
2013秋,2013,Aki,Q62,ウ
2013秋,2013,Aki,Q63,イ
2013秋,2013,Aki,Q64,イ
2013秋,2013,Aki,Q65,イ
2013秋,2013,Aki,Q66,イ
2013秋,2013,Aki,Q67,エ
2013秋,2013,Aki,Q68,ウ
2013秋,2013,Aki,Q69,ウ
2013秋,2013,Aki,Q70,エ
2013秋,2013,Aki,Q71,エ
2013秋,2013,Aki,Q72,エ
2013秋,2013,Aki,Q73,ウ
2013秋,2013,Aki,Q74,ウ
2013秋,2013,Aki,Q75,ア
2013秋,2013,Aki,Q76,エ
2013秋,2013,Aki,Q77,ア
2013秋,2013,Aki,Q78,イ
2013秋,2013,Aki,Q79,エ
2013秋,2013,Aki,Q80,ア
2014春,2014,Haru,Q1,イ
2014春,2014,Haru,Q2,ア
2014春,2014,Haru,Q3,ア
2014春,2014,Haru,Q4,ウ
2014春,2014,Haru,Q5,イ
2014春,2014,Haru,Q6,エ
2014春,2014,Haru,Q7,イ
2014春,2014,Haru,Q8,イ
2014春,2014,Haru,Q9,ア
2014春,2014,Haru,Q10,エ
2014春,2014,Haru,Q11,ア
2014春,2014,Haru,Q12,ウ
2014春,2014,Haru,Q13,イ
2014春,2014,Haru,Q14,ア
2014春,2014,Haru,Q15,ア
2014春,2014,Haru,Q16,エ
2014春,2014,Haru,Q17,ウ
2014春,2014,Haru,Q18,ア
2014春,2014,Haru,Q19,エ
2014春,2014,Haru,Q20,イ
2014春,2014,Haru,Q21,イ
2014春,2014,Haru,Q22,イ
2014春,2014,Haru,Q23,エ
2014春,2014,Haru,Q24,イ
2014春,2014,Haru,Q25,ウ
2014春,2014,Haru,Q26,ウ
2014春,2014,Haru,Q27,ア
2014春,2014,Haru,Q28,エ
2014春,2014,Haru,Q29,イ
2014春,2014,Haru,Q30,イ
2014春,2014,Haru,Q31,イ
2014春,2014,Haru,Q32,イ
2014春,2014,Haru,Q33,ウ
2014春,2014,Haru,Q34,エ
2014春,2014,Haru,Q35,イ
2014春,2014,Haru,Q36,ア
2014春,2014,Haru,Q37,ウ
2014春,2014,Haru,Q38,エ
2014春,2014,Haru,Q39,エ
2014春,2014,Haru,Q40,ア
2014春,2014,Haru,Q41,エ
2014春,2014,Haru,Q42,エ
2014春,2014,Haru,Q43,ア
2014春,2014,Haru,Q44,エ
2014春,2014,Haru,Q45,イ
2014春,2014,Haru,Q46,エ
2014春,2014,Haru,Q47,ア
2014春,2014,Haru,Q48,ア
2014春,2014,Haru,Q49,ア
2014春,2014,Haru,Q50,エ
2014春,2014,Haru,Q51,ウ
2014春,2014,Haru,Q52,ウ
2014春,2014,Haru,Q53,イ
2014春,2014,Haru,Q54,エ
2014春,2014,Haru,Q55,ア
2014春,2014,Haru,Q56,エ
2014春,2014,Haru,Q57,ウ
2014春,2014,Haru,Q58,エ
2014春,2014,Haru,Q59,ウ
2014春,2014,Haru,Q60,ア
2014春,2014,Haru,Q61,イ
2014春,2014,Haru,Q62,エ
2014春,2014,Haru,Q63,ウ
2014春,2014,Haru,Q64,エ
2014春,2014,Haru,Q65,ウ
2014春,2014,Haru,Q66,イ
2014春,2014,Haru,Q67,イ
2014春,2014,Haru,Q68,イ
2014春,2014,Haru,Q69,エ
2014春,2014,Haru,Q70,ウ
2014春,2014,Haru,Q71,イ
2014春,2014,Haru,Q72,ウ
2014春,2014,Haru,Q73,ウ
2014春,2014,Haru,Q74,ウ
2014春,2014,Haru,Q75,ア
2014春,2014,Haru,Q76,ウ
2014春,2014,Haru,Q77,ウ
2014春,2014,Haru,Q78,ウ
2014春,2014,Haru,Q79,ウ
2014春,2014,Haru,Q80,ア
2014秋,2014,Aki,Q1,エ
2014秋,2014,Aki,Q2,エ
2014秋,2014,Aki,Q3,イ
2014秋,2014,Aki,Q4,エ
2014秋,2014,Aki,Q5,イ
2014秋,2014,Aki,Q6,エ
2014秋,2014,Aki,Q7,ウ
2014秋,2014,Aki,Q8,イ
2014秋,2014,Aki,Q9,エ
2014秋,2014,Aki,Q10,エ
2014秋,2014,Aki,Q11,エ
2014秋,2014,Aki,Q12,ア
2014秋,2014,Aki,Q13,ウ
2014秋,2014,Aki,Q14,エ
2014秋,2014,Aki,Q15,ア
2014秋,2014,Aki,Q16,イ
2014秋,2014,Aki,Q17,イ
2014秋,2014,Aki,Q18,エ
2014秋,2014,Aki,Q19,ウ
2014秋,2014,Aki,Q20,ウ
2014秋,2014,Aki,Q21,エ
2014秋,2014,Aki,Q22,ア
2014秋,2014,Aki,Q23,ア
2014秋,2014,Aki,Q24,エ
2014秋,2014,Aki,Q25,エ
2014秋,2014,Aki,Q26,ウ
2014秋,2014,Aki,Q27,ウ
2014秋,2014,Aki,Q28,イ
2014秋,2014,Aki,Q29,イ
2014秋,2014,Aki,Q30,イ
2014秋,2014,Aki,Q31,ウ
2014秋,2014,Aki,Q32,エ
2014秋,2014,Aki,Q33,エ
2014秋,2014,Aki,Q34,イ
2014秋,2014,Aki,Q35,ウ
2014秋,2014,Aki,Q36,エ
2014秋,2014,Aki,Q37,ア
2014秋,2014,Aki,Q38,ウ
2014秋,2014,Aki,Q39,ウ
2014秋,2014,Aki,Q40,イ
2014秋,2014,Aki,Q41,ア
2014秋,2014,Aki,Q42,イ
2014秋,2014,Aki,Q43,ウ
2014秋,2014,Aki,Q44,ウ
2014秋,2014,Aki,Q45,エ
2014秋,2014,Aki,Q46,ウ
2014秋,2014,Aki,Q47,イ
2014秋,2014,Aki,Q48,イ
2014秋,2014,Aki,Q49,エ
2014秋,2014,Aki,Q50,ア
2014秋,2014,Aki,Q51,ア
2014秋,2014,Aki,Q52,ウ
2014秋,2014,Aki,Q53,ア
2014秋,2014,Aki,Q54,ウ
2014秋,2014,Aki,Q55,ア
2014秋,2014,Aki,Q56,ウ
2014秋,2014,Aki,Q57,エ
2014秋,2014,Aki,Q58,イ
2014秋,2014,Aki,Q59,エ
2014秋,2014,Aki,Q60,エ
2014秋,2014,Aki,Q61,ウ
2014秋,2014,Aki,Q62,エ
2014秋,2014,Aki,Q63,エ
2014秋,2014,Aki,Q64,イ
2014秋,2014,Aki,Q65,ア
2014秋,2014,Aki,Q66,エ
2014秋,2014,Aki,Q67,イ
2014秋,2014,Aki,Q68,イ
2014秋,2014,Aki,Q69,エ
2014秋,2014,Aki,Q70,イ
2014秋,2014,Aki,Q71,ア
2014秋,2014,Aki,Q72,エ
2014秋,2014,Aki,Q73,ウ
2014秋,2014,Aki,Q74,ウ
2014秋,2014,Aki,Q75,エ
2014秋,2014,Aki,Q76,エ
2014秋,2014,Aki,Q77,エ
2014秋,2014,Aki,Q78,ウ
2014秋,2014,Aki,Q79,イ
2014秋,2014,Aki,Q80,エ
2015春,2015,Haru,Q1,エ
2015春,2015,Haru,Q2,ウ
2015春,2015,Haru,Q3,イ
2015春,2015,Haru,Q4,イ
2015春,2015,Haru,Q5,イ
2015春,2015,Haru,Q6,ウ
2015春,2015,Haru,Q7,エ
2015春,2015,Haru,Q8,イ
2015春,2015,Haru,Q9,ウ
2015春,2015,Haru,Q10,エ
2015春,2015,Haru,Q11,ウ
2015春,2015,Haru,Q12,ウ
2015春,2015,Haru,Q13,エ
2015春,2015,Haru,Q14,エ
2015春,2015,Haru,Q15,エ
2015春,2015,Haru,Q16,ア
2015春,2015,Haru,Q17,エ
2015春,2015,Haru,Q18,イ
2015春,2015,Haru,Q19,イ
2015春,2015,Haru,Q20,ウ
2015春,2015,Haru,Q21,イ
2015春,2015,Haru,Q22,ア
2015春,2015,Haru,Q23,ウ
2015春,2015,Haru,Q24,ウ
2015春,2015,Haru,Q25,ウ
2015春,2015,Haru,Q26,ウ
2015春,2015,Haru,Q27,ア
2015春,2015,Haru,Q28,イ
2015春,2015,Haru,Q29,ウ
2015春,2015,Haru,Q30,ウ
2015春,2015,Haru,Q31,イ
2015春,2015,Haru,Q32,エ
2015春,2015,Haru,Q33,ア
2015春,2015,Haru,Q34,イ
2015春,2015,Haru,Q35,イ
2015春,2015,Haru,Q36,イ
2015春,2015,Haru,Q37,イ
2015春,2015,Haru,Q38,ア
2015春,2015,Haru,Q39,ウ
2015春,2015,Haru,Q40,ウ
2015春,2015,Haru,Q41,エ
2015春,2015,Haru,Q42,ウ
2015春,2015,Haru,Q43,イ
2015春,2015,Haru,Q44,エ
2015春,2015,Haru,Q45,エ
2015春,2015,Haru,Q46,エ
2015春,2015,Haru,Q47,ア
2015春,2015,Haru,Q48,ウ
2015春,2015,Haru,Q49,ア
2015春,2015,Haru,Q50,ウ
2015春,2015,Haru,Q51,エ
2015春,2015,Haru,Q52,エ
2015春,2015,Haru,Q53,エ
2015春,2015,Haru,Q54,ウ
2015春,2015,Haru,Q55,ア
2015春,2015,Haru,Q56,ウ
2015春,2015,Haru,Q57,イ
2015春,2015,Haru,Q58,イ
2015春,2015,Haru,Q59,ア
2015春,2015,Haru,Q60,ア
2015春,2015,Haru,Q61,エ
2015春,2015,Haru,Q62,ウ
2015春,2015,Haru,Q63,エ
2015春,2015,Haru,Q64,エ
2015春,2015,Haru,Q65,イ
2015春,2015,Haru,Q66,ア
2015春,2015,Haru,Q67,イ
2015春,2015,Haru,Q68,ウ
2015春,2015,Haru,Q69,ウ
2015春,2015,Haru,Q70,イ
2015春,2015,Haru,Q71,イ
2015春,2015,Haru,Q72,ウ
2015春,2015,Haru,Q73,エ
2015春,2015,Haru,Q74,ウ
2015春,2015,Haru,Q75,ア
2015春,2015,Haru,Q76,イ
2015春,2015,Haru,Q77,エ
2015春,2015,Haru,Q78,エ
2015春,2015,Haru,Q79,ウ
2015春,2015,Haru,Q80,ウ
2015秋,2015,Aki,Q1,ア
2015秋,2015,Aki,Q2,エ
2015秋,2015,Aki,Q3,ウ
2015秋,2015,Aki,Q4,ア
2015秋,2015,Aki,Q5,エ
2015秋,2015,Aki,Q6,ウ
2015秋,2015,Aki,Q7,イ
2015秋,2015,Aki,Q8,ウ
2015秋,2015,Aki,Q9,ウ
2015秋,2015,Aki,Q10,イ
2015秋,2015,Aki,Q11,ア
2015秋,2015,Aki,Q12,ウ
2015秋,2015,Aki,Q13,エ
2015秋,2015,Aki,Q14,ウ
2015秋,2015,Aki,Q15,イ
2015秋,2015,Aki,Q16,ア
2015秋,2015,Aki,Q17,ア
2015秋,2015,Aki,Q18,エ
2015秋,2015,Aki,Q19,ウ
2015秋,2015,Aki,Q20,イ
2015秋,2015,Aki,Q21,イ
2015秋,2015,Aki,Q22,エ
2015秋,2015,Aki,Q23,エ
2015秋,2015,Aki,Q24,ウ
2015秋,2015,Aki,Q25,ウ
2015秋,2015,Aki,Q26,ウ
2015秋,2015,Aki,Q27,イ
2015秋,2015,Aki,Q28,ウ
2015秋,2015,Aki,Q29,ウ
2015秋,2015,Aki,Q30,ウ
2015秋,2015,Aki,Q31,エ
2015秋,2015,Aki,Q32,ウ
2015秋,2015,Aki,Q33,エ
2015秋,2015,Aki,Q34,ウ
2015秋,2015,Aki,Q35,エ
2015秋,2015,Aki,Q36,エ
2015秋,2015,Aki,Q37,エ
2015秋,2015,Aki,Q38,ア
2015秋,2015,Aki,Q39,イ
2015秋,2015,Aki,Q40,ウ
2015秋,2015,Aki,Q41,ウ
2015秋,2015,Aki,Q42,ア
2015秋,2015,Aki,Q43,エ
2015秋,2015,Aki,Q44,イ
2015秋,2015,Aki,Q45,エ
2015秋,2015,Aki,Q46,エ
2015秋,2015,Aki,Q47,ア
2015秋,2015,Aki,Q48,エ
2015秋,2015,Aki,Q49,ア
2015秋,2015,Aki,Q50,エ
2015秋,2015,Aki,Q51,イ
2015秋,2015,Aki,Q52,ア
2015秋,2015,Aki,Q53,エ
2015秋,2015,Aki,Q54,イ
2015秋,2015,Aki,Q55,イ
2015秋,2015,Aki,Q56,エ
2015秋,2015,Aki,Q57,イ
2015秋,2015,Aki,Q58,エ
2015秋,2015,Aki,Q59,ウ
2015秋,2015,Aki,Q60,ア
2015秋,2015,Aki,Q61,イ
2015秋,2015,Aki,Q62,ア
2015秋,2015,Aki,Q63,ウ
2015秋,2015,Aki,Q64,エ
2015秋,2015,Aki,Q65,ア
2015秋,2015,Aki,Q66,ウ
2015秋,2015,Aki,Q67,ウ
2015秋,2015,Aki,Q68,エ
2015秋,2015,Aki,Q69,ア
2015秋,2015,Aki,Q70,ア
2015秋,2015,Aki,Q71,エ
2015秋,2015,Aki,Q72,イ
2015秋,2015,Aki,Q73,エ
2015秋,2015,Aki,Q74,イ
2015秋,2015,Aki,Q75,エ
2015秋,2015,Aki,Q76,エ
2015秋,2015,Aki,Q77,イ
2015秋,2015,Aki,Q78,エ
2015秋,2015,Aki,Q79,エ
2015秋,2015,Aki,Q80,ア
2016春,2016,Haru,Q1,ア
2016春,2016,Haru,Q2,ウ
2016春,2016,Haru,Q3,イ
2016春,2016,Haru,Q4,ウ
2016春,2016,Haru,Q5,ウ
2016春,2016,Haru,Q6,ウ
2016春,2016,Haru,Q7,ア
2016春,2016,Haru,Q8,ア
2016春,2016,Haru,Q9,イ
2016春,2016,Haru,Q10,エ
2016春,2016,Haru,Q11,ウ
2016春,2016,Haru,Q12,イ
2016春,2016,Haru,Q13,イ
2016春,2016,Haru,Q14,ア
2016春,2016,Haru,Q15,ア
2016春,2016,Haru,Q16,ア
2016春,2016,Haru,Q17,エ
2016春,2016,Haru,Q18,ア
2016春,2016,Haru,Q19,イ
2016春,2016,Haru,Q20,イ
2016春,2016,Haru,Q21,エ
2016春,2016,Haru,Q22,ウ
2016春,2016,Haru,Q23,ウ
2016春,2016,Haru,Q24,エ
2016春,2016,Haru,Q25,ア
2016春,2016,Haru,Q26,ア
2016春,2016,Haru,Q27,エ
2016春,2016,Haru,Q28,イ
2016春,2016,Haru,Q29,ウ
2016春,2016,Haru,Q30,エ
2016春,2016,Haru,Q31,ウ
2016春,2016,Haru,Q32,ウ
2016春,2016,Haru,Q33,イ
2016春,2016,Haru,Q34,エ
2016春,2016,Haru,Q35,ウ
2016春,2016,Haru,Q36,ウ
2016春,2016,Haru,Q37,ア
2016春,2016,Haru,Q38,エ
2016春,2016,Haru,Q39,ア
2016春,2016,Haru,Q40,エ
2016春,2016,Haru,Q41,エ
2016春,2016,Haru,Q42,ウ
2016春,2016,Haru,Q43,エ
2016春,2016,Haru,Q44,エ
2016春,2016,Haru,Q45,イ
2016春,2016,Haru,Q46,イ
2016春,2016,Haru,Q47,イ
2016春,2016,Haru,Q48,エ
2016春,2016,Haru,Q49,ア
2016春,2016,Haru,Q50,エ
2016春,2016,Haru,Q51,ウ
2016春,2016,Haru,Q52,イ
2016春,2016,Haru,Q53,ア
2016春,2016,Haru,Q54,ア
2016春,2016,Haru,Q55,ウ
2016春,2016,Haru,Q56,ア
2016春,2016,Haru,Q57,ウ
2016春,2016,Haru,Q58,ウ
2016春,2016,Haru,Q59,イ
2016春,2016,Haru,Q60,ア
2016春,2016,Haru,Q61,エ
2016春,2016,Haru,Q62,ア
2016春,2016,Haru,Q63,エ
2016春,2016,Haru,Q64,ア
2016春,2016,Haru,Q65,ウ
2016春,2016,Haru,Q66,エ
2016春,2016,Haru,Q67,ア
2016春,2016,Haru,Q68,ウ
2016春,2016,Haru,Q69,イ
2016春,2016,Haru,Q70,ア
2016春,2016,Haru,Q71,ウ
2016春,2016,Haru,Q72,ウ
2016春,2016,Haru,Q73,ウ
2016春,2016,Haru,Q74,イ
2016春,2016,Haru,Q75,エ
2016春,2016,Haru,Q76,エ
2016春,2016,Haru,Q77,ウ
2016春,2016,Haru,Q78,イ
2016春,2016,Haru,Q79,ウ
2016春,2016,Haru,Q80,ア
2016秋,2016,Aki,Q1,ウ
2016秋,2016,Aki,Q2,ア
2016秋,2016,Aki,Q3,ウ
2016秋,2016,Aki,Q4,ウ
2016秋,2016,Aki,Q5,エ
2016秋,2016,Aki,Q6,エ
2016秋,2016,Aki,Q7,エ
2016秋,2016,Aki,Q8,ウ
2016秋,2016,Aki,Q9,イ
2016秋,2016,Aki,Q10,エ
2016秋,2016,Aki,Q11,ウ
2016秋,2016,Aki,Q12,エ
2016秋,2016,Aki,Q13,ア
2016秋,2016,Aki,Q14,エ
2016秋,2016,Aki,Q15,エ
2016秋,2016,Aki,Q16,イ
2016秋,2016,Aki,Q17,ウ
2016秋,2016,Aki,Q18,イ
2016秋,2016,Aki,Q19,イ
2016秋,2016,Aki,Q20,ア
2016秋,2016,Aki,Q21,エ
2016秋,2016,Aki,Q22,イ
2016秋,2016,Aki,Q23,エ
2016秋,2016,Aki,Q24,ウ
2016秋,2016,Aki,Q25,ウ
2016秋,2016,Aki,Q26,イ
2016秋,2016,Aki,Q27,イ
2016秋,2016,Aki,Q28,ア
2016秋,2016,Aki,Q29,イ
2016秋,2016,Aki,Q30,ア
2016秋,2016,Aki,Q31,エ
2016秋,2016,Aki,Q32,ア
2016秋,2016,Aki,Q33,ア
2016秋,2016,Aki,Q34,ウ
2016秋,2016,Aki,Q35,エ
2016秋,2016,Aki,Q36,イ
2016秋,2016,Aki,Q37,エ
2016秋,2016,Aki,Q38,エ
2016秋,2016,Aki,Q39,ア
2016秋,2016,Aki,Q40,エ
2016秋,2016,Aki,Q41,イ
2016秋,2016,Aki,Q42,イ
2016秋,2016,Aki,Q43,イ
2016秋,2016,Aki,Q44,エ
2016秋,2016,Aki,Q45,イ
2016秋,2016,Aki,Q46,ウ
2016秋,2016,Aki,Q47,イ
2016秋,2016,Aki,Q48,エ
2016秋,2016,Aki,Q49,ア
2016秋,2016,Aki,Q50,ア
2016秋,2016,Aki,Q51,イ
2016秋,2016,Aki,Q52,エ
2016秋,2016,Aki,Q53,イ
2016秋,2016,Aki,Q54,ウ
2016秋,2016,Aki,Q55,ウ
2016秋,2016,Aki,Q56,イ
2016秋,2016,Aki,Q57,ウ
2016秋,2016,Aki,Q58,イ
2016秋,2016,Aki,Q59,イ
2016秋,2016,Aki,Q60,イ
2016秋,2016,Aki,Q61,エ
2016秋,2016,Aki,Q62,ウ
2016秋,2016,Aki,Q63,イ
2016秋,2016,Aki,Q64,イ
2016秋,2016,Aki,Q65,エ
2016秋,2016,Aki,Q66,ア
2016秋,2016,Aki,Q67,ウ
2016秋,2016,Aki,Q68,イ
2016秋,2016,Aki,Q69,ウ
2016秋,2016,Aki,Q70,ウ
2016秋,2016,Aki,Q71,イ
2016秋,2016,Aki,Q72,エ
2016秋,2016,Aki,Q73,ウ
2016秋,2016,Aki,Q74,ア
2016秋,2016,Aki,Q75,イ
2016秋,2016,Aki,Q76,エ
2016秋,2016,Aki,Q77,エ
2016秋,2016,Aki,Q78,ア
2016秋,2016,Aki,Q79,ウ
2016秋,2016,Aki,Q80,エ
2017春,2017,Haru,Q1,エ
2017春,2017,Haru,Q2,ア
2017春,2017,Haru,Q3,ウ
2017春,2017,Haru,Q4,エ
2017春,2017,Haru,Q5,ア
2017春,2017,Haru,Q6,イ
2017春,2017,Haru,Q7,ア
2017春,2017,Haru,Q8,エ
2017春,2017,Haru,Q9,ウ
2017春,2017,Haru,Q10,イ
2017春,2017,Haru,Q11,ア
2017春,2017,Haru,Q12,エ
2017春,2017,Haru,Q13,イ
2017春,2017,Haru,Q14,ア
2017春,2017,Haru,Q15,エ
2017春,2017,Haru,Q16,エ
2017春,2017,Haru,Q17,イ
2017春,2017,Haru,Q18,エ
2017春,2017,Haru,Q19,ウ
2017春,2017,Haru,Q20,ウ
2017春,2017,Haru,Q21,イ
2017春,2017,Haru,Q22,エ
2017春,2017,Haru,Q23,イ
2017春,2017,Haru,Q24,ウ
2017春,2017,Haru,Q25,エ
2017春,2017,Haru,Q26,ア
2017春,2017,Haru,Q27,イ
2017春,2017,Haru,Q28,ウ
2017春,2017,Haru,Q29,エ
2017春,2017,Haru,Q30,ア
2017春,2017,Haru,Q31,ア
2017春,2017,Haru,Q32,イ
2017春,2017,Haru,Q33,イ
2017春,2017,Haru,Q34,イ
2017春,2017,Haru,Q35,エ
2017春,2017,Haru,Q36,エ
2017春,2017,Haru,Q37,ウ
2017春,2017,Haru,Q38,ア
2017春,2017,Haru,Q39,ア
2017春,2017,Haru,Q40,ウ
2017春,2017,Haru,Q41,イ
2017春,2017,Haru,Q42,イ
2017春,2017,Haru,Q43,ウ
2017春,2017,Haru,Q44,エ
2017春,2017,Haru,Q45,ウ
2017春,2017,Haru,Q46,ウ
2017春,2017,Haru,Q47,ア
2017春,2017,Haru,Q48,エ
2017春,2017,Haru,Q49,ア
2017春,2017,Haru,Q50,エ
2017春,2017,Haru,Q51,エ
2017春,2017,Haru,Q52,ウ
2017春,2017,Haru,Q53,ア
2017春,2017,Haru,Q54,イ
2017春,2017,Haru,Q55,ア
2017春,2017,Haru,Q56,ウ
2017春,2017,Haru,Q57,ア
2017春,2017,Haru,Q58,エ
2017春,2017,Haru,Q59,ウ
2017春,2017,Haru,Q60,エ
2017春,2017,Haru,Q61,エ
2017春,2017,Haru,Q62,ア
2017春,2017,Haru,Q63,エ
2017春,2017,Haru,Q64,ア
2017春,2017,Haru,Q65,ウ
2017春,2017,Haru,Q66,ウ
2017春,2017,Haru,Q67,エ
2017春,2017,Haru,Q68,エ
2017春,2017,Haru,Q69,エ
2017春,2017,Haru,Q70,エ
2017春,2017,Haru,Q71,エ
2017春,2017,Haru,Q72,エ
2017春,2017,Haru,Q73,ア
2017春,2017,Haru,Q74,イ
2017春,2017,Haru,Q75,エ
2017春,2017,Haru,Q76,ア
2017春,2017,Haru,Q77,ウ
2017春,2017,Haru,Q78,エ
2017春,2017,Haru,Q79,ア
2017春,2017,Haru,Q80,エ
2017秋,2017,Aki,Q1,ア
2017秋,2017,Aki,Q2,ア
2017秋,2017,Aki,Q3,エ
2017秋,2017,Aki,Q4,ア
2017秋,2017,Aki,Q5,エ
2017秋,2017,Aki,Q6,イ
2017秋,2017,Aki,Q7,ウ
2017秋,2017,Aki,Q8,ウ
2017秋,2017,Aki,Q9,エ
2017秋,2017,Aki,Q10,エ
2017秋,2017,Aki,Q11,イ
2017秋,2017,Aki,Q12,ウ
2017秋,2017,Aki,Q13,ア
2017秋,2017,Aki,Q14,エ
2017秋,2017,Aki,Q15,ア
2017秋,2017,Aki,Q16,イ
2017秋,2017,Aki,Q17,ア
2017秋,2017,Aki,Q18,ウ
2017秋,2017,Aki,Q19,エ
2017秋,2017,Aki,Q20,ウ
2017秋,2017,Aki,Q21,イ
2017秋,2017,Aki,Q22,ア
2017秋,2017,Aki,Q23,ウ
2017秋,2017,Aki,Q24,イ
2017秋,2017,Aki,Q25,ウ
2017秋,2017,Aki,Q26,ア
2017秋,2017,Aki,Q27,エ
2017秋,2017,Aki,Q28,イ
2017秋,2017,Aki,Q29,ウ
2017秋,2017,Aki,Q30,エ
2017秋,2017,Aki,Q31,ウ
2017秋,2017,Aki,Q32,エ
2017秋,2017,Aki,Q33,ア
2017秋,2017,Aki,Q34,ア
2017秋,2017,Aki,Q35,エ
2017秋,2017,Aki,Q36,イ
2017秋,2017,Aki,Q37,ア
2017秋,2017,Aki,Q38,エ
2017秋,2017,Aki,Q39,ア
2017秋,2017,Aki,Q40,エ
2017秋,2017,Aki,Q41,イ
2017秋,2017,Aki,Q42,エ
2017秋,2017,Aki,Q43,ウ
2017秋,2017,Aki,Q44,ウ
2017秋,2017,Aki,Q45,ア
2017秋,2017,Aki,Q46,ア
2017秋,2017,Aki,Q47,エ
2017秋,2017,Aki,Q48,エ
2017秋,2017,Aki,Q49,ア
2017秋,2017,Aki,Q50,ア
2017秋,2017,Aki,Q51,ウ
2017秋,2017,Aki,Q52,ア
2017秋,2017,Aki,Q53,イ
2017秋,2017,Aki,Q54,イ
2017秋,2017,Aki,Q55,ウ
2017秋,2017,Aki,Q56,イ
2017秋,2017,Aki,Q57,エ
2017秋,2017,Aki,Q58,ウ
2017秋,2017,Aki,Q59,ウ
2017秋,2017,Aki,Q60,エ
2017秋,2017,Aki,Q61,イ
2017秋,2017,Aki,Q62,ウ
2017秋,2017,Aki,Q63,イ
2017秋,2017,Aki,Q64,エ
2017秋,2017,Aki,Q65,ア
2017秋,2017,Aki,Q66,エ
2017秋,2017,Aki,Q67,エ
2017秋,2017,Aki,Q68,ウ
2017秋,2017,Aki,Q69,ア
2017秋,2017,Aki,Q70,イ
2017秋,2017,Aki,Q71,イ
2017秋,2017,Aki,Q72,ア
2017秋,2017,Aki,Q73,エ
2017秋,2017,Aki,Q74,エ
2017秋,2017,Aki,Q75,イ
2017秋,2017,Aki,Q76,イ
2017秋,2017,Aki,Q77,エ
2017秋,2017,Aki,Q78,ア
2017秋,2017,Aki,Q79,エ
2017秋,2017,Aki,Q80,ア
2018春,2018,Haru,Q1,イ
2018春,2018,Haru,Q2,イ
2018春,2018,Haru,Q3,ア
2018春,2018,Haru,Q4,ウ
2018春,2018,Haru,Q5,ウ
2018春,2018,Haru,Q6,イ
2018春,2018,Haru,Q7,イ
2018春,2018,Haru,Q8,ウ
2018春,2018,Haru,Q9,エ
2018春,2018,Haru,Q10,エ
2018春,2018,Haru,Q11,エ
2018春,2018,Haru,Q12,ア
2018春,2018,Haru,Q13,ウ
2018春,2018,Haru,Q14,イ
2018春,2018,Haru,Q15,ウ
2018春,2018,Haru,Q16,ウ
2018春,2018,Haru,Q17,ウ
2018春,2018,Haru,Q18,ア
2018春,2018,Haru,Q19,ア
2018春,2018,Haru,Q20,エ
2018春,2018,Haru,Q21,ウ
2018春,2018,Haru,Q22,イ
2018春,2018,Haru,Q23,エ
2018春,2018,Haru,Q24,ウ
2018春,2018,Haru,Q25,ウ
2018春,2018,Haru,Q26,イ
2018春,2018,Haru,Q27,エ
2018春,2018,Haru,Q28,ア
2018春,2018,Haru,Q29,イ
2018春,2018,Haru,Q30,ウ
2018春,2018,Haru,Q31,ウ
2018春,2018,Haru,Q32,イ
2018春,2018,Haru,Q33,イ
2018春,2018,Haru,Q34,イ
2018春,2018,Haru,Q35,ア
2018春,2018,Haru,Q36,エ
2018春,2018,Haru,Q37,ア
2018春,2018,Haru,Q38,エ
2018春,2018,Haru,Q39,イ
2018春,2018,Haru,Q40,ウ
2018春,2018,Haru,Q41,ウ
2018春,2018,Haru,Q42,ウ
2018春,2018,Haru,Q43,イ
2018春,2018,Haru,Q44,ア
2018春,2018,Haru,Q45,ア
2018春,2018,Haru,Q46,エ
2018春,2018,Haru,Q47,ウ
2018春,2018,Haru,Q48,ア
2018春,2018,Haru,Q49,エ
2018春,2018,Haru,Q50,エ
2018春,2018,Haru,Q51,ウ
2018春,2018,Haru,Q52,イ
2018春,2018,Haru,Q53,ア
2018春,2018,Haru,Q54,ア
2018春,2018,Haru,Q55,ウ
2018春,2018,Haru,Q56,イ
2018春,2018,Haru,Q57,ア
2018春,2018,Haru,Q58,エ
2018春,2018,Haru,Q59,イ
2018春,2018,Haru,Q60,ア
2018春,2018,Haru,Q61,ア
2018春,2018,Haru,Q62,エ
2018春,2018,Haru,Q63,イ
2018春,2018,Haru,Q64,イ
2018春,2018,Haru,Q65,エ
2018春,2018,Haru,Q66,ア
2018春,2018,Haru,Q67,ウ
2018春,2018,Haru,Q68,エ
2018春,2018,Haru,Q69,ウ
2018春,2018,Haru,Q70,ア
2018春,2018,Haru,Q71,イ
2018春,2018,Haru,Q72,ウ
2018春,2018,Haru,Q73,エ
2018春,2018,Haru,Q74,ウ
2018春,2018,Haru,Q75,ウ
2018春,2018,Haru,Q76,エ
2018春,2018,Haru,Q77,ウ
2018春,2018,Haru,Q78,ア
2018春,2018,Haru,Q79,ア
2018春,2018,Haru,Q80,エ
2018秋,2018,Aki,Q1,ア
2018秋,2018,Aki,Q2,イ
2018秋,2018,Aki,Q3,イ
2018秋,2018,Aki,Q4,ア
2018秋,2018,Aki,Q5,ウ
2018秋,2018,Aki,Q6,エ
2018秋,2018,Aki,Q7,イ
2018秋,2018,Aki,Q8,ア
2018秋,2018,Aki,Q9,エ
2018秋,2018,Aki,Q10,イ
2018秋,2018,Aki,Q11,エ
2018秋,2018,Aki,Q12,ア
2018秋,2018,Aki,Q13,イ
2018秋,2018,Aki,Q14,エ
2018秋,2018,Aki,Q15,ア
2018秋,2018,Aki,Q16,ウ
2018秋,2018,Aki,Q17,ア
2018秋,2018,Aki,Q18,エ
2018秋,2018,Aki,Q19,エ
2018秋,2018,Aki,Q20,ウ
2018秋,2018,Aki,Q21,ウ
2018秋,2018,Aki,Q22,ウ
2018秋,2018,Aki,Q23,ア
2018秋,2018,Aki,Q24,エ
2018秋,2018,Aki,Q25,イ
2018秋,2018,Aki,Q26,イ
2018秋,2018,Aki,Q27,ウ
2018秋,2018,Aki,Q28,ウ
2018秋,2018,Aki,Q29,ウ
2018秋,2018,Aki,Q30,エ
2018秋,2018,Aki,Q31,エ
2018秋,2018,Aki,Q32,イ
2018秋,2018,Aki,Q33,ア
2018秋,2018,Aki,Q34,ウ
2018秋,2018,Aki,Q35,イ
2018秋,2018,Aki,Q36,エ
2018秋,2018,Aki,Q37,ウ
2018秋,2018,Aki,Q38,イ
2018秋,2018,Aki,Q39,イ
2018秋,2018,Aki,Q40,エ
2018秋,2018,Aki,Q41,ウ
2018秋,2018,Aki,Q42,ウ
2018秋,2018,Aki,Q43,イ
2018秋,2018,Aki,Q44,エ
2018秋,2018,Aki,Q45,ウ
2018秋,2018,Aki,Q46,イ
2018秋,2018,Aki,Q47,ウ
2018秋,2018,Aki,Q48,ア
2018秋,2018,Aki,Q49,ア
2018秋,2018,Aki,Q50,ア
2018秋,2018,Aki,Q51,エ
2018秋,2018,Aki,Q52,ウ
2018秋,2018,Aki,Q53,エ
2018秋,2018,Aki,Q54,イ
2018秋,2018,Aki,Q55,イ
2018秋,2018,Aki,Q56,エ
2018秋,2018,Aki,Q57,エ
2018秋,2018,Aki,Q58,ア
2018秋,2018,Aki,Q59,エ
2018秋,2018,Aki,Q60,ア
2018秋,2018,Aki,Q61,エ
2018秋,2018,Aki,Q62,ウ
2018秋,2018,Aki,Q63,イ
2018秋,2018,Aki,Q64,エ
2018秋,2018,Aki,Q65,ア
2018秋,2018,Aki,Q66,イ
2018秋,2018,Aki,Q67,エ
2018秋,2018,Aki,Q68,イ
2018秋,2018,Aki,Q69,ア
2018秋,2018,Aki,Q70,エ
2018秋,2018,Aki,Q71,ウ
2018秋,2018,Aki,Q72,ウ
2018秋,2018,Aki,Q73,イ
2018秋,2018,Aki,Q74,エ
2018秋,2018,Aki,Q75,ア
2018秋,2018,Aki,Q76,ウ
2018秋,2018,Aki,Q77,ウ
2018秋,2018,Aki,Q78,ウ
2018秋,2018,Aki,Q79,イ
2018秋,2018,Aki,Q80,イ
2019春,2019,Haru,Q1,ア
2019春,2019,Haru,Q2,ア
2019春,2019,Haru,Q3,ア
2019春,2019,Haru,Q4,ア
2019春,2019,Haru,Q5,ウ
2019春,2019,Haru,Q6,ア
2019春,2019,Haru,Q7,イ
2019春,2019,Haru,Q8,エ
2019春,2019,Haru,Q9,エ
2019春,2019,Haru,Q10,イ
2019春,2019,Haru,Q11,ウ
2019春,2019,Haru,Q12,ウ
2019春,2019,Haru,Q13,イ
2019春,2019,Haru,Q14,ウ
2019春,2019,Haru,Q15,ア
2019春,2019,Haru,Q16,エ
2019春,2019,Haru,Q17,ア
2019春,2019,Haru,Q18,イ
2019春,2019,Haru,Q19,ウ
2019春,2019,Haru,Q20,イ
2019春,2019,Haru,Q21,ウ
2019春,2019,Haru,Q22,イ
2019春,2019,Haru,Q23,ウ
2019春,2019,Haru,Q24,ウ
2019春,2019,Haru,Q25,ウ
2019春,2019,Haru,Q26,エ
2019春,2019,Haru,Q27,エ
2019春,2019,Haru,Q28,イ
2019春,2019,Haru,Q29,ア
2019春,2019,Haru,Q30,ア
2019春,2019,Haru,Q31,イ
2019春,2019,Haru,Q32,エ
2019春,2019,Haru,Q33,ウ
2019春,2019,Haru,Q34,イ
2019春,2019,Haru,Q35,エ
2019春,2019,Haru,Q36,エ
2019春,2019,Haru,Q37,ウ
2019春,2019,Haru,Q38,ウ
2019春,2019,Haru,Q39,イ
2019春,2019,Haru,Q40,エ
2019春,2019,Haru,Q41,ウ
2019春,2019,Haru,Q42,ウ
2019春,2019,Haru,Q43,エ
2019春,2019,Haru,Q44,イ
2019春,2019,Haru,Q45,ア
2019春,2019,Haru,Q46,ウ
2019春,2019,Haru,Q47,イ
2019春,2019,Haru,Q48,ウ
2019春,2019,Haru,Q49,ア
2019春,2019,Haru,Q50,ウ
2019春,2019,Haru,Q51,エ
2019春,2019,Haru,Q52,エ
2019春,2019,Haru,Q53,ウ
2019春,2019,Haru,Q54,イ
2019春,2019,Haru,Q55,ア
2019春,2019,Haru,Q56,ウ
2019春,2019,Haru,Q57,ウ
2019春,2019,Haru,Q58,ウ
2019春,2019,Haru,Q59,ウ
2019春,2019,Haru,Q60,イ
2019春,2019,Haru,Q61,ア
2019春,2019,Haru,Q62,ア
2019春,2019,Haru,Q63,エ
2019春,2019,Haru,Q64,イ
2019春,2019,Haru,Q65,エ
2019春,2019,Haru,Q66,エ
2019春,2019,Haru,Q67,イ
2019春,2019,Haru,Q68,イ
2019春,2019,Haru,Q69,イ
2019春,2019,Haru,Q70,ア
2019春,2019,Haru,Q71,エ
2019春,2019,Haru,Q72,イ
2019春,2019,Haru,Q73,ウ
2019春,2019,Haru,Q74,イ
2019春,2019,Haru,Q75,ウ
2019春,2019,Haru,Q76,ウ
2019春,2019,Haru,Q77,イ
2019春,2019,Haru,Q78,エ
2019春,2019,Haru,Q79,イ
2019春,2019,Haru,Q80,ウ
2019秋,2019,Aki,Q1,ウ
2019秋,2019,Aki,Q2,ア
2019秋,2019,Aki,Q3,イ
2019秋,2019,Aki,Q4,ウ
2019秋,2019,Aki,Q5,イ
2019秋,2019,Aki,Q6,エ
2019秋,2019,Aki,Q7,イ
2019秋,2019,Aki,Q8,イ
2019秋,2019,Aki,Q9,エ
2019秋,2019,Aki,Q10,イ
2019秋,2019,Aki,Q11,ウ
2019秋,2019,Aki,Q12,エ
2019秋,2019,Aki,Q13,イ
2019秋,2019,Aki,Q14,イ
2019秋,2019,Aki,Q15,エ
2019秋,2019,Aki,Q16,エ
2019秋,2019,Aki,Q17,ウ
2019秋,2019,Aki,Q18,ウ
2019秋,2019,Aki,Q19,エ
2019秋,2019,Aki,Q20,ア
2019秋,2019,Aki,Q21,ア
2019秋,2019,Aki,Q22,ウ
2019秋,2019,Aki,Q23,ウ
2019秋,2019,Aki,Q24,ウ
2019秋,2019,Aki,Q25,エ
2019秋,2019,Aki,Q26,ア
2019秋,2019,Aki,Q27,ア
2019秋,2019,Aki,Q28,イ
2019秋,2019,Aki,Q29,エ
2019秋,2019,Aki,Q30,ウ
2019秋,2019,Aki,Q31,イ
2019秋,2019,Aki,Q32,ア
2019秋,2019,Aki,Q33,ア
2019秋,2019,Aki,Q34,イ
2019秋,2019,Aki,Q35,ウ
2019秋,2019,Aki,Q36,イ
2019秋,2019,Aki,Q37,エ
2019秋,2019,Aki,Q38,エ
2019秋,2019,Aki,Q39,イ
2019秋,2019,Aki,Q40,ア
2019秋,2019,Aki,Q41,ウ
2019秋,2019,Aki,Q42,ウ
2019秋,2019,Aki,Q43,ウ
2019秋,2019,Aki,Q44,ウ
2019秋,2019,Aki,Q45,ウ
2019秋,2019,Aki,Q46,エ
2019秋,2019,Aki,Q47,エ
2019秋,2019,Aki,Q48,ア
2019秋,2019,Aki,Q49,エ
2019秋,2019,Aki,Q50,エ
2019秋,2019,Aki,Q51,ウ
2019秋,2019,Aki,Q52,ウ
2019秋,2019,Aki,Q53,ア
2019秋,2019,Aki,Q54,ウ
2019秋,2019,Aki,Q55,ア
2019秋,2019,Aki,Q56,ウ
2019秋,2019,Aki,Q57,エ
2019秋,2019,Aki,Q58,ウ
2019秋,2019,Aki,Q59,ア
2019秋,2019,Aki,Q60,ウ
2019秋,2019,Aki,Q61,エ
2019秋,2019,Aki,Q62,エ
2019秋,2019,Aki,Q63,ア
2019秋,2019,Aki,Q64,イ
2019秋,2019,Aki,Q65,エ
2019秋,2019,Aki,Q66,エ
2019秋,2019,Aki,Q67,ア
2019秋,2019,Aki,Q68,ウ
2019秋,2019,Aki,Q69,ウ
2019秋,2019,Aki,Q70,エ
2019秋,2019,Aki,Q71,ア
2019秋,2019,Aki,Q72,ア
2019秋,2019,Aki,Q73,エ
2019秋,2019,Aki,Q74,ウ
2019秋,2019,Aki,Q75,ア
2019秋,2019,Aki,Q76,ウ
2019秋,2019,Aki,Q77,ア
2019秋,2019,Aki,Q78,エ
2019秋,2019,Aki,Q79,ウ
2019秋,2019,Aki,Q80,イ
2020特,2020,Toku,Q1,エ
2020特,2020,Toku,Q2,ウ
2020特,2020,Toku,Q3,ウ
2020特,2020,Toku,Q4,ウ
2020特,2020,Toku,Q5,エ
2020特,2020,Toku,Q6,ア
2020特,2020,Toku,Q7,ウ
2020特,2020,Toku,Q8,ア
2020特,2020,Toku,Q9,エ
2020特,2020,Toku,Q10,エ
2020特,2020,Toku,Q11,ウ
2020特,2020,Toku,Q12,イ
2020特,2020,Toku,Q13,イ
2020特,2020,Toku,Q14,ア
2020特,2020,Toku,Q15,エ
2020特,2020,Toku,Q16,ア
2020特,2020,Toku,Q17,イ
2020特,2020,Toku,Q18,ア
2020特,2020,Toku,Q19,ア
2020特,2020,Toku,Q20,ウ
2020特,2020,Toku,Q21,イ
2020特,2020,Toku,Q22,イ
2020特,2020,Toku,Q23,イ
2020特,2020,Toku,Q24,ウ
2020特,2020,Toku,Q25,エ
2020特,2020,Toku,Q26,エ
2020特,2020,Toku,Q27,ウ
2020特,2020,Toku,Q28,ウ
2020特,2020,Toku,Q29,エ
2020特,2020,Toku,Q30,ア
2020特,2020,Toku,Q31,イ
2020特,2020,Toku,Q32,エ
2020特,2020,Toku,Q33,イ
2020特,2020,Toku,Q34,ウ
2020特,2020,Toku,Q35,イ
2020特,2020,Toku,Q36,イ
2020特,2020,Toku,Q37,ア
2020特,2020,Toku,Q38,ウ
2020特,2020,Toku,Q39,ア
2020特,2020,Toku,Q40,イ
2020特,2020,Toku,Q41,ア
2020特,2020,Toku,Q42,イ
2020特,2020,Toku,Q43,エ
2020特,2020,Toku,Q44,ア
2020特,2020,Toku,Q45,イ
2020特,2020,Toku,Q46,ア
2020特,2020,Toku,Q47,エ
2020特,2020,Toku,Q48,エ
2020特,2020,Toku,Q49,ウ
2020特,2020,Toku,Q50,エ
2020特,2020,Toku,Q51,エ
2020特,2020,Toku,Q52,ア
2020特,2020,Toku,Q53,イ
2020特,2020,Toku,Q54,ウ
2020特,2020,Toku,Q55,ウ
2020特,2020,Toku,Q56,ウ
2020特,2020,Toku,Q57,イ
2020特,2020,Toku,Q58,エ
2020特,2020,Toku,Q59,イ
2020特,2020,Toku,Q60,ア
2020特,2020,Toku,Q61,エ
2020特,2020,Toku,Q62,ア
2020特,2020,Toku,Q63,エ
2020特,2020,Toku,Q64,ア
2020特,2020,Toku,Q65,イ
2020特,2020,Toku,Q66,ウ
2020特,2020,Toku,Q67,ウ
2020特,2020,Toku,Q68,エ
2020特,2020,Toku,Q69,ア
2020特,2020,Toku,Q70,エ
2020特,2020,Toku,Q71,エ
2020特,2020,Toku,Q72,ウ
2020特,2020,Toku,Q73,エ
2020特,2020,Toku,Q74,ウ
2020特,2020,Toku,Q75,ア
2020特,2020,Toku,Q76,エ
2020特,2020,Toku,Q77,イ
2020特,2020,Toku,Q78,イ
2020特,2020,Toku,Q79,エ
2020特,2020,Toku,Q80,ウ
2021春,2021,Haru,Q1,ア
2021春,2021,Haru,Q2,ア
2021春,2021,Haru,Q3,ウ
2021春,2021,Haru,Q4,ア
2021春,2021,Haru,Q5,ウ
2021春,2021,Haru,Q6,エ
2021春,2021,Haru,Q7,ウ
2021春,2021,Haru,Q8,ウ
2021春,2021,Haru,Q9,ウ
2021春,2021,Haru,Q10,イ
2021春,2021,Haru,Q11,イ
2021春,2021,Haru,Q12,イ
2021春,2021,Haru,Q13,ウ
2021春,2021,Haru,Q14,エ
2021春,2021,Haru,Q15,ア
2021春,2021,Haru,Q16,ア
2021春,2021,Haru,Q17,イ
2021春,2021,Haru,Q18,イ
2021春,2021,Haru,Q19,エ
2021春,2021,Haru,Q20,エ
2021春,2021,Haru,Q21,エ
2021春,2021,Haru,Q22,ウ
2021春,2021,Haru,Q23,ウ
2021春,2021,Haru,Q24,ア
2021春,2021,Haru,Q25,ウ
2021春,2021,Haru,Q26,エ
2021春,2021,Haru,Q27,ウ
2021春,2021,Haru,Q28,イ
2021春,2021,Haru,Q29,ア
2021春,2021,Haru,Q30,イ
2021春,2021,Haru,Q31,エ
2021春,2021,Haru,Q32,ア
2021春,2021,Haru,Q33,エ
2021春,2021,Haru,Q34,ウ
2021春,2021,Haru,Q35,エ
2021春,2021,Haru,Q36,イ
2021春,2021,Haru,Q37,イ
2021春,2021,Haru,Q38,イ
2021春,2021,Haru,Q39,ウ
2021春,2021,Haru,Q40,ア
2021春,2021,Haru,Q41,ア
2021春,2021,Haru,Q42,ウ
2021春,2021,Haru,Q43,ア
2021春,2021,Haru,Q44,イ
2021春,2021,Haru,Q45,ウ
2021春,2021,Haru,Q46,ウ
2021春,2021,Haru,Q47,エ
2021春,2021,Haru,Q48,ア
2021春,2021,Haru,Q49,ア
2021春,2021,Haru,Q50,エ
2021春,2021,Haru,Q51,ア
2021春,2021,Haru,Q52,エ
2021春,2021,Haru,Q53,ア
2021春,2021,Haru,Q54,エ
2021春,2021,Haru,Q55,エ
2021春,2021,Haru,Q56,ア
2021春,2021,Haru,Q57,イ
2021春,2021,Haru,Q58,ウ
2021春,2021,Haru,Q59,ア
2021春,2021,Haru,Q60,ウ
2021春,2021,Haru,Q61,ウ
2021春,2021,Haru,Q62,ウ
2021春,2021,Haru,Q63,ア
2021春,2021,Haru,Q64,ア
2021春,2021,Haru,Q65,エ
2021春,2021,Haru,Q66,ウ
2021春,2021,Haru,Q67,ウ
2021春,2021,Haru,Q68,ウ
2021春,2021,Haru,Q69,イ
2021春,2021,Haru,Q70,イ
2021春,2021,Haru,Q71,イ
2021春,2021,Haru,Q72,イ
2021春,2021,Haru,Q73,エ
2021春,2021,Haru,Q74,ウ
2021春,2021,Haru,Q75,イ
2021春,2021,Haru,Q76,エ
2021春,2021,Haru,Q77,イ
2021春,2021,Haru,Q78,エ
2021春,2021,Haru,Q79,イ
2021春,2021,Haru,Q80,イ
2021秋,2021,Aki,Q1,エ
2021秋,2021,Aki,Q2,エ
2021秋,2021,Aki,Q3,ウ
2021秋,2021,Aki,Q4,ア
2021秋,2021,Aki,Q5,ウ
2021秋,2021,Aki,Q6,イ
2021秋,2021,Aki,Q7,ウ
2021秋,2021,Aki,Q8,エ
2021秋,2021,Aki,Q9,エ
2021秋,2021,Aki,Q10,イ
2021秋,2021,Aki,Q11,ア
2021秋,2021,Aki,Q12,イ
2021秋,2021,Aki,Q13,エ
2021秋,2021,Aki,Q14,ア
2021秋,2021,Aki,Q15,エ
2021秋,2021,Aki,Q16,ア
2021秋,2021,Aki,Q17,ア
2021秋,2021,Aki,Q18,ウ
2021秋,2021,Aki,Q19,ア
2021秋,2021,Aki,Q20,ア
2021秋,2021,Aki,Q21,ア
2021秋,2021,Aki,Q22,ア
2021秋,2021,Aki,Q23,イ
2021秋,2021,Aki,Q24,エ
2021秋,2021,Aki,Q25,ウ
2021秋,2021,Aki,Q26,エ
2021秋,2021,Aki,Q27,イ
2021秋,2021,Aki,Q28,イ
2021秋,2021,Aki,Q29,イ
2021秋,2021,Aki,Q30,エ
2021秋,2021,Aki,Q31,ア
2021秋,2021,Aki,Q32,ア
2021秋,2021,Aki,Q33,エ
2021秋,2021,Aki,Q34,イ
2021秋,2021,Aki,Q35,エ
2021秋,2021,Aki,Q36,イ
2021秋,2021,Aki,Q37,イ
2021秋,2021,Aki,Q38,ウ
2021秋,2021,Aki,Q39,ア
2021秋,2021,Aki,Q40,ウ
2021秋,2021,Aki,Q41,ア
2021秋,2021,Aki,Q42,ア
2021秋,2021,Aki,Q43,ア
2021秋,2021,Aki,Q44,イ
2021秋,2021,Aki,Q45,エ
2021秋,2021,Aki,Q46,イ
2021秋,2021,Aki,Q47,ア
2021秋,2021,Aki,Q48,ウ
2021秋,2021,Aki,Q49,ア
2021秋,2021,Aki,Q50,イ
2021秋,2021,Aki,Q51,エ
2021秋,2021,Aki,Q52,イ
2021秋,2021,Aki,Q53,イ
2021秋,2021,Aki,Q54,エ
2021秋,2021,Aki,Q55,ウ
2021秋,2021,Aki,Q56,イ
2021秋,2021,Aki,Q57,エ
2021秋,2021,Aki,Q58,ウ
2021秋,2021,Aki,Q59,イ
2021秋,2021,Aki,Q60,ウ
2021秋,2021,Aki,Q61,ア
2021秋,2021,Aki,Q62,ウ
2021秋,2021,Aki,Q63,ア
2021秋,2021,Aki,Q64,イ
2021秋,2021,Aki,Q65,イ
2021秋,2021,Aki,Q66,エ
2021秋,2021,Aki,Q67,ア
2021秋,2021,Aki,Q68,イ
2021秋,2021,Aki,Q69,エ
2021秋,2021,Aki,Q70,ア
2021秋,2021,Aki,Q71,エ
2021秋,2021,Aki,Q72,イ
2021秋,2021,Aki,Q73,ア
2021秋,2021,Aki,Q74,ウ
2021秋,2021,Aki,Q75,ア
2021秋,2021,Aki,Q76,ウ
2021秋,2021,Aki,Q77,ア
2021秋,2021,Aki,Q78,ア
2021秋,2021,Aki,Q79,エ
2021秋,2021,Aki,Q80,ア
2022春,2022,Haru,Q1,ア
2022春,2022,Haru,Q2,ア
2022春,2022,Haru,Q3,ウ
2022春,2022,Haru,Q4,ア
2022春,2022,Haru,Q5,ア
2022春,2022,Haru,Q6,エ
2022春,2022,Haru,Q7,エ
2022春,2022,Haru,Q8,エ
2022春,2022,Haru,Q9,イ
2022春,2022,Haru,Q10,エ
2022春,2022,Haru,Q11,イ
2022春,2022,Haru,Q12,ウ
2022春,2022,Haru,Q13,ア
2022春,2022,Haru,Q14,ア
2022春,2022,Haru,Q15,エ
2022春,2022,Haru,Q16,ウ
2022春,2022,Haru,Q17,イ
2022春,2022,Haru,Q18,ウ
2022春,2022,Haru,Q19,イ
2022春,2022,Haru,Q20,エ
2022春,2022,Haru,Q21,ウ
2022春,2022,Haru,Q22,ウ
2022春,2022,Haru,Q23,ウ
2022春,2022,Haru,Q24,ウ
2022春,2022,Haru,Q25,ア
2022春,2022,Haru,Q26,ウ
2022春,2022,Haru,Q27,ア
2022春,2022,Haru,Q28,ウ
2022春,2022,Haru,Q29,ア
2022春,2022,Haru,Q30,ア
2022春,2022,Haru,Q31,イ
2022春,2022,Haru,Q32,ウ
2022春,2022,Haru,Q33,イ
2022春,2022,Haru,Q34,ア
2022春,2022,Haru,Q35,エ
2022春,2022,Haru,Q36,エ
2022春,2022,Haru,Q37,ウ
2022春,2022,Haru,Q38,エ
2022春,2022,Haru,Q39,ア
2022春,2022,Haru,Q40,イ
2022春,2022,Haru,Q41,エ
2022春,2022,Haru,Q42,ウ
2022春,2022,Haru,Q43,イ
2022春,2022,Haru,Q44,ウ
2022春,2022,Haru,Q45,ウ
2022春,2022,Haru,Q46,エ
2022春,2022,Haru,Q47,イ
2022春,2022,Haru,Q48,ア
2022春,2022,Haru,Q49,エ
2022春,2022,Haru,Q50,ア
2022春,2022,Haru,Q51,エ
2022春,2022,Haru,Q52,ア
2022春,2022,Haru,Q53,ウ
2022春,2022,Haru,Q54,ア
2022春,2022,Haru,Q55,ウ
2022春,2022,Haru,Q56,エ
2022春,2022,Haru,Q57,イ
2022春,2022,Haru,Q58,ア
2022春,2022,Haru,Q59,イ
2022春,2022,Haru,Q60,ア
2022春,2022,Haru,Q61,ア
2022春,2022,Haru,Q62,エ
2022春,2022,Haru,Q63,イ
2022春,2022,Haru,Q64,ウ
2022春,2022,Haru,Q65,ア
2022春,2022,Haru,Q66,ア
2022春,2022,Haru,Q67,ウ
2022春,2022,Haru,Q68,ウ
2022春,2022,Haru,Q69,エ
2022春,2022,Haru,Q70,エ
2022春,2022,Haru,Q71,ウ
2022春,2022,Haru,Q72,ウ
2022春,2022,Haru,Q73,ア
2022春,2022,Haru,Q74,ウ
2022春,2022,Haru,Q75,イ
2022春,2022,Haru,Q76,エ
2022春,2022,Haru,Q77,エ
2022春,2022,Haru,Q78,ア
2022春,2022,Haru,Q79,ウ
2022春,2022,Haru,Q80,エ
2022秋,2022,Aki,Q1,イ
2022秋,2022,Aki,Q2,エ
2022秋,2022,Aki,Q3,ア
2022秋,2022,Aki,Q4,イ
2022秋,2022,Aki,Q5,イ
2022秋,2022,Aki,Q6,エ
2022秋,2022,Aki,Q7,エ
2022秋,2022,Aki,Q8,イ
2022秋,2022,Aki,Q9,イ
2022秋,2022,Aki,Q10,エ
2022秋,2022,Aki,Q11,イ
2022秋,2022,Aki,Q12,ウ
2022秋,2022,Aki,Q13,ウ
2022秋,2022,Aki,Q14,エ
2022秋,2022,Aki,Q15,ア
2022秋,2022,Aki,Q16,イ
2022秋,2022,Aki,Q17,ウ
2022秋,2022,Aki,Q18,ウ
2022秋,2022,Aki,Q19,ウ
2022秋,2022,Aki,Q20,ウ
2022秋,2022,Aki,Q21,ウ
2022秋,2022,Aki,Q22,エ
2022秋,2022,Aki,Q23,ウ
2022秋,2022,Aki,Q24,ア
2022秋,2022,Aki,Q25,エ
2022秋,2022,Aki,Q26,イ
2022秋,2022,Aki,Q27,イ
2022秋,2022,Aki,Q28,ウ
2022秋,2022,Aki,Q29,ウ
2022秋,2022,Aki,Q30,イ
2022秋,2022,Aki,Q31,ウ
2022秋,2022,Aki,Q32,ア
2022秋,2022,Aki,Q33,ウ
2022秋,2022,Aki,Q34,エ
2022秋,2022,Aki,Q35,エ
2022秋,2022,Aki,Q36,ウ
2022秋,2022,Aki,Q37,ア
2022秋,2022,Aki,Q38,ウ
2022秋,2022,Aki,Q39,ア
2022秋,2022,Aki,Q40,イ
2022秋,2022,Aki,Q41,イ
2022秋,2022,Aki,Q42,イ
2022秋,2022,Aki,Q43,ア
2022秋,2022,Aki,Q44,イ
2022秋,2022,Aki,Q45,イ
2022秋,2022,Aki,Q46,ア
2022秋,2022,Aki,Q47,イ
2022秋,2022,Aki,Q48,イ
2022秋,2022,Aki,Q49,エ
2022秋,2022,Aki,Q50,ウ
2022秋,2022,Aki,Q51,ウ
2022秋,2022,Aki,Q52,イ
2022秋,2022,Aki,Q53,エ
2022秋,2022,Aki,Q54,ウ
2022秋,2022,Aki,Q55,イ
2022秋,2022,Aki,Q56,ウ
2022秋,2022,Aki,Q57,イ
2022秋,2022,Aki,Q58,エ
2022秋,2022,Aki,Q59,ウ
2022秋,2022,Aki,Q60,ア
2022秋,2022,Aki,Q61,エ
2022秋,2022,Aki,Q62,イ
2022秋,2022,Aki,Q63,ウ
2022秋,2022,Aki,Q64,イ
2022秋,2022,Aki,Q65,エ
2022秋,2022,Aki,Q66,エ
2022秋,2022,Aki,Q67,エ
2022秋,2022,Aki,Q68,ウ
2022秋,2022,Aki,Q69,イ
2022秋,2022,Aki,Q70,エ
2022秋,2022,Aki,Q71,ウ
2022秋,2022,Aki,Q72,イ
2022秋,2022,Aki,Q73,ウ
2022秋,2022,Aki,Q74,イ
2022秋,2022,Aki,Q75,エ
2022秋,2022,Aki,Q76,ウ
2022秋,2022,Aki,Q77,イ
2022秋,2022,Aki,Q78,ウ
2022秋,2022,Aki,Q79,エ
2022秋,2022,Aki,Q80,ア
2023春,2023,Haru,Q1,ア
2023春,2023,Haru,Q2,ア
2023春,2023,Haru,Q3,ア
2023春,2023,Haru,Q4,ウ
2023春,2023,Haru,Q5,ウ
2023春,2023,Haru,Q6,エ
2023春,2023,Haru,Q7,ア
2023春,2023,Haru,Q8,イ
2023春,2023,Haru,Q9,ウ
2023春,2023,Haru,Q10,イ
2023春,2023,Haru,Q11,ア
2023春,2023,Haru,Q12,ア
2023春,2023,Haru,Q13,イ
2023春,2023,Haru,Q14,イ
2023春,2023,Haru,Q15,エ
2023春,2023,Haru,Q16,エ
2023春,2023,Haru,Q17,ウ
2023春,2023,Haru,Q18,ア
2023春,2023,Haru,Q19,エ
2023春,2023,Haru,Q20,ア
2023春,2023,Haru,Q21,イ
2023春,2023,Haru,Q22,ア
2023春,2023,Haru,Q23,エ
2023春,2023,Haru,Q24,エ
2023春,2023,Haru,Q25,ウ
2023春,2023,Haru,Q26,ウ
2023春,2023,Haru,Q27,エ
2023春,2023,Haru,Q28,ア
2023春,2023,Haru,Q29,エ
2023春,2023,Haru,Q30,ア
2023春,2023,Haru,Q31,イ
2023春,2023,Haru,Q32,ウ
2023春,2023,Haru,Q33,ウ
2023春,2023,Haru,Q34,エ
2023春,2023,Haru,Q35,イ
2023春,2023,Haru,Q36,ア
2023春,2023,Haru,Q37,ウ
2023春,2023,Haru,Q38,ウ
2023春,2023,Haru,Q39,ウ
2023春,2023,Haru,Q40,イ
2023春,2023,Haru,Q41,ア
2023春,2023,Haru,Q42,イ
2023春,2023,Haru,Q43,エ
2023春,2023,Haru,Q44,エ
2023春,2023,Haru,Q45,エ
2023春,2023,Haru,Q46,ウ
2023春,2023,Haru,Q47,ウ
2023春,2023,Haru,Q48,イ
2023春,2023,Haru,Q49,イ
2023春,2023,Haru,Q50,エ
2023春,2023,Haru,Q51,エ
2023春,2023,Haru,Q52,ア
2023春,2023,Haru,Q53,イ
2023春,2023,Haru,Q54,エ
2023春,2023,Haru,Q55,エ
2023春,2023,Haru,Q56,イ
2023春,2023,Haru,Q57,ウ
2023春,2023,Haru,Q58,イ
2023春,2023,Haru,Q59,ア
2023春,2023,Haru,Q60,エ
2023春,2023,Haru,Q61,ア
2023春,2023,Haru,Q62,ア
2023春,2023,Haru,Q63,ウ
2023春,2023,Haru,Q64,エ
2023春,2023,Haru,Q65,ア
2023春,2023,Haru,Q66,エ
2023春,2023,Haru,Q67,ウ
2023春,2023,Haru,Q68,イ
2023春,2023,Haru,Q69,イ
2023春,2023,Haru,Q70,ウ
2023春,2023,Haru,Q71,イ
2023春,2023,Haru,Q72,ウ
2023春,2023,Haru,Q73,エ
2023春,2023,Haru,Q74,ウ
2023春,2023,Haru,Q75,ウ
2023春,2023,Haru,Q76,ア
2023春,2023,Haru,Q77,エ
2023春,2023,Haru,Q78,イ
2023春,2023,Haru,Q79,エ
2023春,2023,Haru,Q80,エ
2023秋,2023,Aki,Q1,ウ
2023秋,2023,Aki,Q2,エ
2023秋,2023,Aki,Q3,ア
2023秋,2023,Aki,Q4,ア
2023秋,2023,Aki,Q5,ウ
2023秋,2023,Aki,Q6,ウ
2023秋,2023,Aki,Q7,イ
2023秋,2023,Aki,Q8,ウ
2023秋,2023,Aki,Q9,ウ
2023秋,2023,Aki,Q10,ア
2023秋,2023,Aki,Q11,イ
2023秋,2023,Aki,Q12,イ
2023秋,2023,Aki,Q13,イ
2023秋,2023,Aki,Q14,エ
2023秋,2023,Aki,Q15,エ
2023秋,2023,Aki,Q16,エ
2023秋,2023,Aki,Q17,ア
2023秋,2023,Aki,Q18,イ
2023秋,2023,Aki,Q19,エ
2023秋,2023,Aki,Q20,エ
2023秋,2023,Aki,Q21,ウ
2023秋,2023,Aki,Q22,ウ
2023秋,2023,Aki,Q23,ア
2023秋,2023,Aki,Q24,ア
2023秋,2023,Aki,Q25,イ
2023秋,2023,Aki,Q26,エ
2023秋,2023,Aki,Q27,ア
2023秋,2023,Aki,Q28,ア
2023秋,2023,Aki,Q29,イ
2023秋,2023,Aki,Q30,ア
2023秋,2023,Aki,Q31,ウ
2023秋,2023,Aki,Q32,イ
2023秋,2023,Aki,Q33,イ
2023秋,2023,Aki,Q34,イ
2023秋,2023,Aki,Q35,エ
2023秋,2023,Aki,Q36,ウ
2023秋,2023,Aki,Q37,ア
2023秋,2023,Aki,Q38,ウ
2023秋,2023,Aki,Q39,ア
2023秋,2023,Aki,Q40,ア
2023秋,2023,Aki,Q41,イ
2023秋,2023,Aki,Q42,ウ
2023秋,2023,Aki,Q43,ア
2023秋,2023,Aki,Q44,ア
2023秋,2023,Aki,Q45,エ
2023秋,2023,Aki,Q46,ウ
2023秋,2023,Aki,Q47,エ
2023秋,2023,Aki,Q48,ア
2023秋,2023,Aki,Q49,ア
2023秋,2023,Aki,Q50,ア
2023秋,2023,Aki,Q51,エ
2023秋,2023,Aki,Q52,ウ
2023秋,2023,Aki,Q53,ア
2023秋,2023,Aki,Q54,エ
2023秋,2023,Aki,Q55,ア
2023秋,2023,Aki,Q56,イ
2023秋,2023,Aki,Q57,イ
2023秋,2023,Aki,Q58,ウ
2023秋,2023,Aki,Q59,ウ
2023秋,2023,Aki,Q60,イ
2023秋,2023,Aki,Q61,イ
2023秋,2023,Aki,Q62,ア
2023秋,2023,Aki,Q63,エ
2023秋,2023,Aki,Q64,ウ
2023秋,2023,Aki,Q65,ア
2023秋,2023,Aki,Q66,エ
2023秋,2023,Aki,Q67,ア
2023秋,2023,Aki,Q68,ウ
2023秋,2023,Aki,Q69,イ
2023秋,2023,Aki,Q70,ウ
2023秋,2023,Aki,Q71,エ
2023秋,2023,Aki,Q72,イ
2023秋,2023,Aki,Q73,イ
2023秋,2023,Aki,Q74,エ
2023秋,2023,Aki,Q75,エ
2023秋,2023,Aki,Q76,イ
2023秋,2023,Aki,Q77,エ
2023秋,2023,Aki,Q78,エ
2023秋,2023,Aki,Q79,ア
2023秋,2023,Aki,Q80,イ
2024春,2024,Haru,Q1,エ
2024春,2024,Haru,Q2,エ
2024春,2024,Haru,Q3,ア
2024春,2024,Haru,Q4,エ
2024春,2024,Haru,Q5,ウ
2024春,2024,Haru,Q6,エ
2024春,2024,Haru,Q7,ア
2024春,2024,Haru,Q8,エ
2024春,2024,Haru,Q9,ウ
2024春,2024,Haru,Q10,エ
2024春,2024,Haru,Q11,ア
2024春,2024,Haru,Q12,ウ
2024春,2024,Haru,Q13,ア
2024春,2024,Haru,Q14,イ
2024春,2024,Haru,Q15,ウ
2024春,2024,Haru,Q16,イ
2024春,2024,Haru,Q17,イ
2024春,2024,Haru,Q18,イ
2024春,2024,Haru,Q19,エ
2024春,2024,Haru,Q20,エ
2024春,2024,Haru,Q21,ウ
2024春,2024,Haru,Q22,ウ
2024春,2024,Haru,Q23,ア
2024春,2024,Haru,Q24,エ
2024春,2024,Haru,Q25,ア
2024春,2024,Haru,Q26,ウ
2024春,2024,Haru,Q27,エ
2024春,2024,Haru,Q28,ウ
2024春,2024,Haru,Q29,ウ
2024春,2024,Haru,Q30,イ
2024春,2024,Haru,Q31,ア
2024春,2024,Haru,Q32,エ
2024春,2024,Haru,Q33,エ
2024春,2024,Haru,Q34,イ
2024春,2024,Haru,Q35,イ
2024春,2024,Haru,Q36,ウ
2024春,2024,Haru,Q37,ア
2024春,2024,Haru,Q38,イ
2024春,2024,Haru,Q39,イ
2024春,2024,Haru,Q40,ウ
2024春,2024,Haru,Q41,イ
2024春,2024,Haru,Q42,ア
2024春,2024,Haru,Q43,イ
2024春,2024,Haru,Q44,ウ
2024春,2024,Haru,Q45,イ
2024春,2024,Haru,Q46,エ
2024春,2024,Haru,Q47,ウ
2024春,2024,Haru,Q48,エ
2024春,2024,Haru,Q49,イ
2024春,2024,Haru,Q50,イ
2024春,2024,Haru,Q51,ア
2024春,2024,Haru,Q52,エ
2024春,2024,Haru,Q53,エ
2024春,2024,Haru,Q54,ア
2024春,2024,Haru,Q55,ウ
2024春,2024,Haru,Q56,エ
2024春,2024,Haru,Q57,ウ
2024春,2024,Haru,Q58,ア
2024春,2024,Haru,Q59,ア
2024春,2024,Haru,Q60,ウ
2024春,2024,Haru,Q61,ウ
2024春,2024,Haru,Q62,ア
2024春,2024,Haru,Q63,エ
2024春,2024,Haru,Q64,エ
2024春,2024,Haru,Q65,エ
2024春,2024,Haru,Q66,エ
2024春,2024,Haru,Q67,ウ
2024春,2024,Haru,Q68,エ
2024春,2024,Haru,Q69,ア
2024春,2024,Haru,Q70,エ
2024春,2024,Haru,Q71,エ
2024春,2024,Haru,Q72,ア
2024春,2024,Haru,Q73,エ
2024春,2024,Haru,Q74,エ
2024春,2024,Haru,Q75,ウ
2024春,2024,Haru,Q76,エ
2024春,2024,Haru,Q77,ウ
2024春,2024,Haru,Q78,ア
2024春,2024,Haru,Q79,ウ
2024春,2024,Haru,Q80,エ
2024秋,2024,Aki,Q1,ウ
2024秋,2024,Aki,Q2,エ
2024秋,2024,Aki,Q3,ウ
2024秋,2024,Aki,Q4,ア
2024秋,2024,Aki,Q5,ウ
2024秋,2024,Aki,Q6,イ
2024秋,2024,Aki,Q7,ウ
2024秋,2024,Aki,Q8,ウ
2024秋,2024,Aki,Q9,ウ
2024秋,2024,Aki,Q10,イ
2024秋,2024,Aki,Q11,ウ
2024秋,2024,Aki,Q12,エ
2024秋,2024,Aki,Q13,エ
2024秋,2024,Aki,Q14,イ
2024秋,2024,Aki,Q15,ア
2024秋,2024,Aki,Q16,ウ
2024秋,2024,Aki,Q17,ア
2024秋,2024,Aki,Q18,エ
2024秋,2024,Aki,Q19,ウ
2024秋,2024,Aki,Q20,ウ
2024秋,2024,Aki,Q21,ウ
2024秋,2024,Aki,Q22,ウ
2024秋,2024,Aki,Q23,ウ
2024秋,2024,Aki,Q24,ウ
2024秋,2024,Aki,Q25,イ
2024秋,2024,Aki,Q26,エ
2024秋,2024,Aki,Q27,イ
2024秋,2024,Aki,Q28,ウ
2024秋,2024,Aki,Q29,イ
2024秋,2024,Aki,Q30,イ
2024秋,2024,Aki,Q31,イ
2024秋,2024,Aki,Q32,ウ
2024秋,2024,Aki,Q33,ウ
2024秋,2024,Aki,Q34,ウ
2024秋,2024,Aki,Q35,エ
2024秋,2024,Aki,Q36,ア
2024秋,2024,Aki,Q37,ウ
2024秋,2024,Aki,Q38,ウ
2024秋,2024,Aki,Q39,ア
2024秋,2024,Aki,Q40,ウ
2024秋,2024,Aki,Q41,ウ
2024秋,2024,Aki,Q42,イ
2024秋,2024,Aki,Q43,エ
2024秋,2024,Aki,Q44,イ
2024秋,2024,Aki,Q45,イ
2024秋,2024,Aki,Q46,ア
2024秋,2024,Aki,Q47,ウ
2024秋,2024,Aki,Q48,イ
2024秋,2024,Aki,Q49,イ
2024秋,2024,Aki,Q50,エ
2024秋,2024,Aki,Q51,ウ
2024秋,2024,Aki,Q52,エ
2024秋,2024,Aki,Q53,ア
2024秋,2024,Aki,Q54,エ
2024秋,2024,Aki,Q55,エ
2024秋,2024,Aki,Q56,ウ
2024秋,2024,Aki,Q57,イ
2024秋,2024,Aki,Q58,ア
2024秋,2024,Aki,Q59,ア
2024秋,2024,Aki,Q60,ウ
2024秋,2024,Aki,Q61,イ
2024秋,2024,Aki,Q62,エ
2024秋,2024,Aki,Q63,イ
2024秋,2024,Aki,Q64,イ
2024秋,2024,Aki,Q65,ウ
2024秋,2024,Aki,Q66,ア
2024秋,2024,Aki,Q67,エ
2024秋,2024,Aki,Q68,ウ
2024秋,2024,Aki,Q69,ウ
2024秋,2024,Aki,Q70,ウ
2024秋,2024,Aki,Q71,ウ
2024秋,2024,Aki,Q72,ア
2024秋,2024,Aki,Q73,イ
2024秋,2024,Aki,Q74,ウ
2024秋,2024,Aki,Q75,イ
2024秋,2024,Aki,Q76,イ
2024秋,2024,Aki,Q77,ア
2024秋,2024,Aki,Q78,イ
2024秋,2024,Aki,Q79,ア
2024秋,2024,Aki,Q80,ウ
